code,name,date,pred,close,volume
025440,대성엘텍,20220617,,900,2508028
004690,삼천리,20220617,,162000,33741
391060,엔에이치스팩20호,20220617,,2135,32254
200230,텔콘RF제약,20220617,,1645,284351
003580,HLB글로벌,20220617,,8110,1132924
017370,우신시스템,20220617,,2575,179145
235980,메드팩토,20220617,,23300,158028
007690,국도화학,20220617,,53900,51314
060720,KH바텍,20220617,,20900,168663
067000,조이시티,20220617,,5050,416691
021650,한국큐빅,20220617,,3170,54611
079430,현대리바트,20220617,,12200,174563
090460,비에이치,20220617,,25450,477525
036630,세종텔레콤,20220617,,820,936807
006390,한일현대시멘트,20220617,,25750,11599
039130,하나투어,20220617,,66500,160288
109070,컨버즈,20220617,,4100,0
155900,바다로19호,20220617,,3355,14452
396690,미래에셋글로벌리츠,20220617,,5630,105451
052600,한네트,20220617,,7750,314895
251970,펌텍코리아,20220617,,16600,65726
031330,에스에이엠티,20220617,,3880,257450
089980,상아프론테크,20220617,,32650,57953
169330,엠브레인,20220617,,3775,56485
088980,맥쿼리인프라,20220617,,13850,1017902
024070,WISCOM,20220617,,3290,29426
058430,포스코스틸리온,20220617,,37150,23174
100840,SNT에너지,20220617,,16600,23222
270870,뉴트리,20220617,,13750,21853
064850,에프앤가이드,20220617,,7350,9317
009320,대우부품,20220617,,2035,153866
040910,아이씨디,20220617,,9440,40466
001250,GS글로벌,20220617,,3205,1804577
089030,테크윙,20220617,,8304,285000
215000,골프존,20220617,,153500,34781
330730,스톤브릿지벤처스,20220617,,6260,322291
065570,삼영이엔씨,20220617,,5130,77678
241710,코스메카코리아,20220617,,10900,30104
189300,인텔리안테크,20220617,,64500,101911
000430,대원강업,20220617,,3015,74637
008500,일정실업,20220617,,22550,1580
036530,SNT홀딩스,20220617,,15800,3917
000250,삼천당제약,20220617,,39100,139601
049180,셀루메드,20220617,,4145,225373
307280,원바이오젠,20220617,,1695,94379
000080,하이트진로,20220617,,32350,688359
005610,SPC삼립,20220617,,70300,10753
025320,시노펙스,20220617,,3320,3739901
311390,네오크레마,20220617,,13100,196747
212560,네오오토,20220617,,6650,27935
000890,보해양조,20220617,,768,626453
001380,SG글로벌,20220617,,1455,236205
001740,SK네트웍스,20220617,,4390,608921
320000,윈텍,20220617,,2300,55863
267250,HD현대,20220617,,59800,326873
090710,휴림로봇,20220617,,3905,19121429
002700,신일전자,20220617,,2180,1824711
001820,삼화콘덴서공업,20220617,,42150,39723
002460,화성산업,20220617,,21300,101787
065510,휴비츠,20220617,,11150,246908
056080,유진로봇,20220617,,5520,351055
010280,쌍용정보통신,20220617,,1045,1148814
006490,인스코비,20220617,,2125,370592
064090,에프앤리퍼블릭,20220617,,2505,39765
001360,삼성제약,20220617,,3540,546457
056730,CNT85,20220617,,3100,0
336060,웨이버스,20220617,,1885,982507
036670,KCI,20220617,,8580,24648
331380,포커스에이치엔에스,20220617,,2565,34719
038620,위즈코프,20220617,,1215,1049452
036620,감성코퍼레이션,20220617,,1485,507953
025550,한국선재,20220617,,4575,306226
061250,화일약품,20220617,,2875,1015568
080000,에스엔유,20220617,,3320,107328
372910,한컴라이프케어,20220617,,5240,94043
004080,신흥,20220617,,16200,6702
368770,파이버프로,20220617,,4355,391934
054050,농우바이오,20220617,,10750,69883
227950,엔투텍,20220617,,1575,842317
130660,한전산업,20220617,,10900,556577
004410,서울식품공업,20220617,,278,3737694
054800,아이디스홀딩스,20220617,,12150,10196
052710,아모텍,20220617,,25250,97405
064260,다날,20220617,,7730,1536917
027050,코리아나,20220617,,3280,322884
275630,에스에스알,20220617,,4950,17250
025000,KPX케미칼,20220617,,49900,3966
004270,남성,20220617,,2575,112407
084670,동양고속,20220617,,15350,1613
227100,에이치앤비디자인,20220617,,6380,65438
004990,롯데지주,20220617,,35750,357460
060900,대한그린파워,20220617,,776,688473
012030,DB,20220617,,829,618513
073240,금호타이어,20220617,,3630,443265
123040,엠에스오토텍,20220617,,4755,70457
153490,우리이앤엘,20220617,,1320,230473
007530,영신금속,20220617,,2910,12842
016380,KG스틸,20220617,,15200,1014544
035250,강원랜드,20220617,,27150,1003519
010060,OCI,20220617,,123500,444429
083500,에프엔에스테크,20220617,,9900,45247
340930,유일에너테크,20220617,,15050,111469
082850,우리바이오,20220617,,3515,266982
101000,상상인인더스트리,20220617,,738,118578
376930,노을,20220617,,8260,1487551
191420,테고사이언스,20220617,,19400,96014
051600,한전KPS,20220617,,35900,226741
340570,티앤엘,20220617,,35800,90767
008250,이건산업,20220617,,9340,55278
092220,KEC,20220617,,2980,2357969
102260,동성케미컬,20220617,,4200,33299
273640,와이엠텍,20220617,,16200,43924
950170,JTC,20220617,,3100,58495
014530,극동유화,20220617,,3915,401921
013360,일성건설,20220617,,3480,644661
019770,서연탑메탈,20220617,,7650,3031184
377400,하이제6호스팩,20220617,,2170,7562
246690,TS인베스트먼트,20220617,,2720,18528685
303030,지니틱스,20220617,,2640,602156
206650,유바이오로직스,20220617,,15450,364016
036170,클라우드에어,20220617,,1090,214151
139480,이마트,20220617,,106500,132243
032350,롯데관광개발,20220617,,13100,989477
900270,헝셩그룹,20220617,,427,1117979
032540,TJ미디어,20220617,,5950,93280
095270,웨이브일렉트로,20220617,,4910,52458
030610,교보증권,20220617,,6730,45022
066360,체리부로,20220617,,1275,44602
168330,내츄럴엔도텍,20220617,,4665,29246
034310,NICE,20220617,,13800,32180
044060,조광ILI,20220617,,2237,104484434
307870,비투엔,20220617,,2105,24765
096770,SK이노베이션,20220617,,225500,1010560
034230,파라다이스,20220617,,15300,513883
207760,미스터블루,20220617,,6130,53581
262260,에이프로,20220617,,13000,46894
034730,SK,20220617,,231500,186840
119860,다나와,20220617,,17450,17921
090740,연이비앤티,20220617,,2105,0
121850,코이즈,20220617,,3650,1577678
255440,야스,20220617,,10150,71950
000320,노루홀딩스,20220617,,10650,17996
238200,비피도,20220617,,8260,25327
051160,지어소프트,20220617,,12550,187021
243840,신흥에스이씨,20220617,,56800,128098
290670,대보마그네틱,20220617,,48550,28339
039020,이건홀딩스,20220617,,4150,68930
069640,한세엠케이,20220617,,3280,17975
016090,대현,20220617,,2180,301319
012700,리드코프,20220617,,8680,132866
027360,아주IB투자,20220617,,2790,341174
063570,한국전자금융,20220617,,5190,100667
003240,태광산업,20220617,,903000,685
227840,현대코퍼레이션홀딩스,20220617,,11250,30272
083470,이엠앤아이,20220617,,3220,0
008060,대덕,20220617,,6680,115019
096760,JW홀딩스,20220617,,3410,37341
380320,삼성머스트스팩5호,20220617,,5410,5268900
326030,에스케이바이오팜,20220617,,69600,206494
225220,제놀루션,20220617,,11800,29555
003310,대주산업,20220617,,4210,11256113
073570,WI,20220617,,1065,977989
100590,머큐리,20220617,,7030,37713
003230,삼양식품,20220617,,98800,147589
052420,오성첨단소재,20220617,,2150,0
094280,효성 ITX,20220617,,15350,7584
261780,차백신연구소,20220617,,9150,5760444
065950,웰크론,20220617,,3545,108346
222110,팬젠,20220617,,7150,5015
106240,파인테크닉스,20220617,,13200,769509
382900,범한퓨얼셀,20220617,,47950,16670004
028080,휴맥스홀딩스,20220617,,3700,15101
068400,SK렌터카,20220617,,8890,57866
058450,일야,20220617,,657,607892
224110,에이텍티앤,20220617,,10500,48300
019540,일지테크,20220617,,2560,45093
114090,GKL,20220617,,14200,272564
008110,대동전자,20220617,,7240,33540
220100,퓨쳐켐,20220617,,16700,59382
075970,동국알앤에스,20220617,,4290,730857
032080,아즈텍WB,20220617,,2405,103898
214680,디알텍,20220617,,1585,764060
419270,신영스팩7호,20220617,,2195,23176
214260,라파스,20220617,,40600,39176
227610,아우딘퓨쳐스,20220617,,1405,102070
950200,소마젠,20220617,,5520,27632
187790,나노,20220617,,1195,149582
070300,엑스큐어,20220617,,2675,42411
089140,넥스턴바이오,20220617,,2890,913295
036000,예림당,20220617,,2035,53656
140670,알에스오토메이션,20220617,,15550,174744
347700,라이프시맨틱스,20220617,,5810,45280
347770,핌스,20220617,,15350,49249
036690,코맥스,20220617,,3655,50835
160980,싸이맥스,20220617,,14500,48089
068930,디지털대성,20220617,,7590,40609
053980,오상자이엘,20220617,,5990,26551
203650,드림시큐리티,20220617,,3685,843144
226400,오스테오닉,20220617,,3000,46580
182360,큐브엔터,20220617,,13600,130480
047770,코데즈컴바인,20220617,,2030,64831
232140,와이아이케이,20220617,,4615,130467
039610,화성밸브,20220617,,5450,72841
206640,바디텍메드,20220617,,11400,103645
158310,참존글로벌,20220617,,1680,0
016740,두올,20220617,,3020,114963
035890,서희건설,20220617,,1555,933828
950210,프레스티지바이오파마,20220617,,11250,473592
096870,엘디티,20220617,,4010,88046
096530,씨젠,20220617,,37200,348433
007390,네이처셀,20220617,,16950,428769
036800,나이스정보통신,20220617,,25550,12553
066900,디에이피,20220617,,3475,22735
014620,성광벤드,20220617,,10150,321106
400560,하나금융20호스팩,20220617,,2315,46567
000640,동아쏘시오홀딩스,20220617,,103000,5255
009240,한샘,20220617,,62300,281678
200130,콜마비앤에이치,20220617,,26900,71247
298540,더네이쳐홀딩스,20220617,,27550,39830
215480,토박스코리아,20220617,,5060,59612
027740,마니커,20220617,,1705,970799
001540,안국약품,20220617,,8600,40211
002810,삼영무역,20220617,,13300,10352
192080,더블유게임즈,20220617,,39850,72580
012620,원일특강,20220617,,11050,23844
003650,미창석유공업,20220617,,86000,875
012860,모베이스전자,20220617,,1605,261154
018290,브이티지엠피,20220617,,5630,204875
099440,스맥,20220617,,2975,4079898
028260,삼성물산,20220617,,112500,394789
237750,피앤씨테크,20220617,,7600,87863
194700,노바렉스,20220617,,16799,43147
084870,티비에이치글로벌,20220617,,1715,70899
028050,삼성엔지니어링,20220617,,21800,1231050
191410,육일씨엔에쓰,20220617,,3190,13169
349720,이베스트스팩5호,20220617,,2110,18715
241560,두산밥캣,20220617,,31550,311445
001200,유진증권,20220617,,2750,381397
013990,아가방컴퍼니,20220617,,3180,140955
026910,광진실업,20220617,,4620,33105
004980,성신양회,20220617,,9860,166199
221980,케이디켐,20220617,,13650,14287
145020,휴젤,20220617,,107500,43886
049120,파인디앤씨,20220617,,1985,39745
002420,세기상사,20220617,,9454,10059
217620,디딤,20220617,,1805,2935677
066670,디스플레이텍,20220617,,6180,158341
148140,비디아이,20220617,,640,0
002790,아모레퍼시픽그룹,20220617,,39800,148067
010240,흥국,20220617,,7610,255035
308100,까스텔바작,20220617,,7400,32715
101390,아이엠,20220617,,5650,25760
036710,심텍홀딩스,20220617,,4195,323237
018310,삼목에스폼,20220617,,20100,84204
012330,현대모비스,20220617,,202000,336646
030210,다올투자증권,20220617,,4710,177484
062970,피피아이,20220617,,3125,33046
359090,씨엔알리서치,20220617,,1755,25101
178320,서진시스템,20220617,,16200,258820
006620,동구바이오제약,20220617,,6970,97798
086040,바이오톡스텍,20220617,,8210,288956
060310,3S,20220617,,2795,340526
068940,아이씨케이,20220617,,3995,1456581
139130,DGB금융지주,20220617,,7870,765846
077360,덕산하이메탈,20220617,,8000,235189
100250,진양홀딩스,20220617,,3925,247636
367460,유안타제7호스팩,20220617,,2480,0
139990,아주스틸,20220617,,11650,145081
089150,케이씨티,20220617,,6250,557921
060590,씨티씨바이오,20220617,,9050,54291
123750,알톤스포츠,20220617,,3475,113751
042940,상지카일룸,20220617,,1260,5491402
019660,글로본,20220617,,2970,3656934
109610,에스와이,20220617,,3040,253056
067900,와이엔텍,20220617,,9300,45311
033270,유나이티드,20220617,,23650,42030
049550,잉크테크,20220617,,6950,65065
215790,이노인스트루먼트,20220617,,1705,115766
007820,에스엠코어,20220617,,6590,103880
900070,글로벌에스엠,20220617,,870,7103803
012750,에스원,20220617,,62200,79203
267320,나인테크,20220617,,4340,3796300
101240,씨큐브,20220617,,6840,9569
010780,아이에스동서,20220617,,42000,123339
277410,인산가,20220617,,2110,290356
256840,한국비엔씨,20220617,,7980,741467
282330,BGF리테일,20220617,,174500,53682
004920,씨아이테크,20220617,,1170,393965
058530,파나케이아,20220617,,1620,0
018000,유니슨,20220617,,2845,1432123
217480,에스디생명공학,20220617,,1910,208407
109820,진매트릭스,20220617,,6620,745464
355150,교보10호기업인수목적,20220617,,2265,9147
111770,영원무역,20220617,,41500,154549
063760,이엘피,20220617,,6380,40581
333430,일승,20220617,,3560,233594
060850,영림원소프트랩,20220617,,8570,12589
023450,동남합성,20220617,,57400,1788
034300,신세계건설,20220617,,26850,11924
087010,펩트론,20220617,,9970,151616
064820,케이프,20220617,,4260,91959
002780,진흥기업,20220617,,1795,2073318
015710,코콤,20220617,,5230,51462
065170,비엘팜텍,20220617,,1035,612991
217600,켐온,20220617,,2640,789367
027410,BGF,20220617,,4270,228636
000180,성창기업지주,20220617,,2105,249096
101330,모베이스,20220617,,3055,48627
126340,비나텍,20220617,,47750,81639
298870,다올인베스트먼트,20220617,,3740,237065
030190,NICE평가정보,20220617,,14100,110371
101490,에스앤에스텍,20220617,,21500,70980
054040,한국컴퓨터,20220617,,4050,51574
237880,클리오,20220617,,15950,35892
005110,한창,20220617,,1250,3730403
060480,국일신동,20220617,,3130,36390
081660,휠라홀딩스,20220617,,28200,530529
950130,엑세스바이오,20220617,,13800,332173
025620,제이준코스메틱,20220617,,1025,565738
190650,코리아에셋투자증권,20220617,,9770,2321
066620,국보디자인,20220617,,15850,28168
000210,DL,20220617,,67100,154491
000540,흥국화재,20220617,,3580,53173
373200,하인크코리아,20220617,,10800,680634
312610,에이에프더블류,20220617,,4155,3224681
271940,일진하이솔루스,20220617,,36850,127753
288330,브릿지바이오,20220617,,9720,51178
041830,인바디,20220617,,24800,30392
389260,대명에너지,20220617,,18400,1381251
005680,삼영전자공업,20220617,,10850,55710
038390,레드캡투어,20220617,,18950,7400
001510,SK증권,20220617,,811,58937827
007110,일신석재,20220617,,1445,581358
078650,지나인제약,20220617,,2120,0
083790,크리스탈지노믹스,20220617,,4490,201861
134380,미원화학,20220617,,68000,1463
241520,DSC인베스트먼트,20220617,,4735,166134
254120,자비스,20220617,,1980,51157
065680,우주일렉트로,20220617,,25100,54572
348370,엔켐,20220617,,65700,331786
126560,현대퓨처넷,20220617,,2600,1557787
016610,DB금융투자,20220617,,5110,72546
200350,래몽래인,20220617,,15300,51462
060370,KT서브마린,20220617,,6040,284806
064350,현대로템,20220617,,19900,1858497
280360,롯데제과,20220617,,113000,5522
003610,방림,20220617,,3185,153686
011690,와이투솔루션,20220617,,802,10625703
006360,GS건설,20220617,,34350,502257
352940,인바이오,20220617,,5730,23393
103840,우양,20220617,,4205,80613
065350,신성델타테크,20220617,,10650,187270
305090,마이크로디지탈,20220617,,5900,75839
039560,다산네트웍스,20220617,,6070,146033
003480,한진중공업홀딩스,20220617,,4810,1072447
327260,RF머트리얼즈,20220617,,11850,49833
015540,쎌마테라퓨틱스,20220617,,6410,0
161890,한국콜마,20220617,,36550,85919
014280,금강공업,20220617,,7360,135172
298040,효성중공업,20220617,,55300,59415
001460,BYC,20220617,,400000,267
304840,피플바이오,20220617,,9150,25424
131100,스카이이앤엠,20220617,,2770,15157
065440,이루온,20220617,,2670,2095064
056360,코위버,20220617,,7510,147832
003030,세아제강지주,20220617,,150000,32847
204270,제이앤티씨,20220617,,5550,51970
311690,CJ 바이오사이언스,20220617,,30950,2041
214330,금호에이치티,20220617,,1155,1544703
170790,파이오링크,20220617,,11100,47918
144510,지씨셀,20220617,,55000,78401
060250,NHN한국사이버결제,20220617,,12800,512672
396300,세아메카닉스,20220617,,8940,4223352
214180,헥토이노베이션,20220617,,15100,47219
031510,오스템,20220617,,1930,364659
011330,유니켐,20220617,,1155,303181
055490,테이팩스,20220617,,74900,15041
332570,와이팜,20220617,,4575,45845
006660,삼성공조,20220617,,11350,14595
192390,윈하이텍,20220617,,3690,76235
214870,뉴지랩파마,20220617,,9620,128379
009410,태영건설,20220617,,7270,76711
347860,알체라,20220617,,15350,52512
012200,계양전기,20220617,,3060,0
064240,홈캐스트,20220617,,3375,115168
004490,세방전지,20220617,,54400,53531
086790,하나금융지주,20220617,,42600,1822169
009300,삼아제약,20220617,,15500,27582
389030,지니너스,20220617,,4020,422042
050110,캠시스,20220617,,2200,6503385
396770,엔에이치스팩22호,20220617,,2150,11854
006740,영풍제지,20220617,,7500,1361301
200780,비씨월드제약,20220617,,10550,16405
293940,신한알파리츠,20220617,,7820,180364
038460,바이오스마트,20220617,,4005,89079
053260,금강철강,20220617,,7660,185623
170920,엘티씨,20220617,,9550,58085
104200,NHN벅스,20220617,,9280,173684
198440,고려시멘트,20220617,,3530,688791
158430,아톤,20220617,,30950,35498
053270,구영테크,20220617,,3460,725614
053160,프리엠스,20220617,,9050,71084
133820,화인베스틸,20220617,,2685,92315
122900,아이마켓코리아,20220617,,10900,89490
004140,동방,20220617,,2900,438503
252500,세화피앤씨,20220617,,1395,303184
382840,원준,20220617,,45605,1279594
127120,디엔에이링크,20220617,,4140,87848
234920,자이글,20220617,,2850,46731
079160,CJ CGV,20220617,,24550,323654
143160,아이디스,20220617,,24750,10212
023160,태광,20220617,,12300,315877
001390,KG케미칼,20220617,,30000,149633
003530,한화투자증권,20220617,,3450,911367
263720,디앤씨미디어,20220617,,20550,29341
045300,성우테크론,20220617,,5490,491748
300720,한일시멘트,20220617,,15300,149764
049830,승일,20220617,,11250,6725
381970,케이카,20220617,,19850,529181
023900,풍국주정,20220617,,15150,39135
047560,이스트소프트,20220617,,10100,57124
044960,이글벳,20220617,,6400,104210
047080,한빛소프트,20220617,,3685,60555
046310,백금T&A,20220617,,2900,102729
126600,코프라,20220617,,6120,245359
007980,태평양물산,20220617,,1950,269687
045520,크린앤사이언스,20220617,,10750,32641
038290,마크로젠,20220617,,26000,32127
007460,에이프로젠,20220617,,1795,9681106
003570,SNT중공업,20220617,,8250,77387
011790,SKC,20220617,,166500,435704
029460,케이씨,20220617,,18850,29684
321260,프로이천,20220617,,2140,107063
003550,LG,20220617,,78000,281782
033640,네패스,20220617,,22550,213956
138360,협진,20220617,,4480,0
009970,영원무역홀딩스,20220617,,50900,21004
328380,솔트웨어,20220617,,2360,74330
166090,하나머티리얼즈,20220617,,53500,183535
337930,브랜드엑스코퍼레이션,20220617,,7860,102940
141080,레고켐바이오,20220617,,39150,252292
000860,강남제비스코,20220617,,21900,3952
217270,넵튠,20220617,,12550,77687
150840,인트로메딕,20220617,,5850,0
226950,올릭스,20220617,,27550,337023
241840,에이스토리,20220617,,19200,105779
217820,엔에스,20220617,,9140,37274
142210,유니트론텍,20220617,,4225,830078
267290,경동도시가스,20220617,,23150,119398
109080,옵티시스,20220617,,12350,31229
303530,이노뎁,20220617,,15600,46741
171010,램테크놀러지,20220617,,6720,119785
024090,디씨엠,20220617,,24800,54687
090850,현대이지웰,20220617,,7850,99822
344050,신영스팩6호,20220617,,2270,17212
004450,삼화왕관,20220617,,41200,279718
066410,버킷스튜디오,20220617,,3040,6421859
016600,큐캐피탈,20220617,,614,3438713
043200,파루,20220617,,1305,1096458
367360,DB금융스팩9호,20220617,,2155,10728
034020,두산에너빌리티,20220617,,17050,6564565
054620,APS홀딩스,20220617,,9520,23516
019010,베뉴지,20220617,,2170,47138
013890,지누스,20220617,,54800,46609
126700,하이비젼시스템,20220617,,17550,107850
080580,오킨스전자,20220617,,20200,36252
016920,카스,20220617,,2255,229602
200470,에이팩트,20220617,,5090,48983
017800,현대엘리베이터,20220617,,28900,157355
059120,아진엑스텍,20220617,,10950,221826
078340,컴투스,20220617,,77300,149551
012690,모나리자,20220617,,3500,278785
083660,CSA 코스믹,20220617,,1600,19975
272550,삼양패키징,20220617,,18350,21081
020000,한섬,20220617,,33900,101630
067160,아프리카TV,20220617,,97600,138099
079000,와토스코리아,20220617,,6080,27186
043610,지니뮤직,20220617,,4130,159368
002760,보락,20220617,,1760,242424
244920,에이플러스에셋,20220617,,5990,86668
002920,유성기업,20220617,,2945,24067
023150,MH에탄올,20220617,,9080,32902
005500,삼진제약,20220617,,24500,13566
290690,소룩스,20220617,,8650,25043
002150,도화엔지니어링,20220617,,9600,853305
051910,LG화학,20220617,,578000,311529
101170,우림피티에스,20220617,,10850,25998101
001790,대한제당,20220617,,3645,3248437
066590,우수AMS,20220617,,4095,407972
068270,셀트리온,20220617,,153000,472593
018880,한온시스템,20220617,,9730,1296010
247540,에코프로비엠,20220617,,130291,860107
900310,컬러레이,20220617,,1045,287456
057680,티사이언티픽,20220617,,2365,637624
021080,에이티넘인베스트,20220617,,3450,471532
003620,쌍용자동차,20220617,,2770,0
348350,위드텍,20220617,,14200,14810
263020,디케이앤디,20220617,,3225,65607
147760,마이크로프랜드,20220617,,4385,46228
099520,ITX-AI,20220617,,1285,0
030720,동원수산,20220617,,10100,105915
377450,리파인,20220617,,11900,28612
005430,한국공항,20220617,,41150,11986
071950,코아스,20220617,,998,185970
317690,퀀타매트릭스,20220617,,6250,36240
018620,우진비앤지,20220617,,1965,219470
057880,피에이치씨,20220617,,1740,0
265740,엔에프씨,20220617,,10900,16484
293490,카카오게임즈,20220617,,56200,598414
225590,패션플랫폼,20220617,,1585,215472
138930,BNK금융지주,20220617,,7290,2025318
012510,더존비즈온,20220617,,34900,580462
008260,NI스틸,20220617,,4880,243566
214320,이노션,20220617,,46850,13664
118990,모트렉스,20220617,,15200,1009445
011560,세보엠이씨,20220617,,8090,256976
087260,모바일어플라이언스,20220617,,3515,536919
003490,대한항공,20220617,,26800,1565393
033160,엠케이전자,20220617,,12000,185839
208640,썸에이지,20220617,,1265,640618
024800,유성티엔에스,20220617,,2680,69133
179900,유티아이,20220617,,15200,53472
221840,하이즈항공,20220617,,4620,122398
261200,덴티스,20220617,,8140,55428
187660,에이디엠코리아,20220617,,3455,305298
950220,네오이뮨텍,20220617,,4160,782548
353490,미래에셋대우스팩 5호,20220617,,2165,46104
109960,에이프로젠 H&G,20220617,,576,810662
017390,서울도시가스,20220617,,224000,10550
092130,이크레더블,20220617,,17400,8802
138580,비즈니스온,20220617,,8240,39598
251370,와이엠티,20220617,,19150,12502
294870,HDC현대산업개발,20220617,,11850,535212
318010,팜스빌,20220617,,12200,25055
087600,픽셀플러스,20220617,,8450,15394
215200,메가스터디교육,20220617,,79500,95857
094860,네오리진,20220617,,833,541626
080220,제주반도체,20220617,,4650,768711
123890,한국자산신탁,20220617,,3630,80280
217190,제너셈,20220617,,6970,33995
282690,동아타이어,20220617,,12150,30061
264660,씨앤지하이테크,20220617,,11850,17230
006110,삼아알미늄,20220617,,19050,45371
054450,텔레칩스,20220617,,15750,199268
026890,스틱인베스트먼트,20220617,,7360,261580
123010,아이윈플러스,20220617,,756,433089
005930,삼성전자,20220617,,59800,29053450
003070,코오롱글로벌,20220617,,16900,34676
049470,SGA,20220617,,985,85727
222080,씨아이에스,20220617,,16000,2662774
069620,대웅제약,20220617,,151000,33603
071200,인피니트헬스케어,20220617,,5490,61117
156100,엘앤케이바이오,20220617,,11400,111273
008040,사조동아원,20220617,,1795,13820182
046440,KG모빌리언스,20220617,,7620,200202
003220,대원제약,20220617,,15800,129047
019570,리더스 기술투자,20220617,,452,666762
090350,노루페인트,20220617,,8910,116896
078590,디아크,20220617,,2380,0
096350,대창솔루션,20220617,,424,1057979
093240,형지엘리트,20220617,,1630,287588
298050,효성첨단소재,20220617,,432500,24878
000670,영풍,20220617,,592000,1813
035080,그래디언트,20220617,,19300,140020
353200,대덕전자,20220617,,28500,1230304
058860,KTis,20220617,,2405,116485
003560,아이에이치큐,20220617,,812,566109
043090,한창바이오텍,20220617,,1710,178415
036830,솔브레인홀딩스,20220617,,21100,21005
067630,HLB생명과학,20220617,,11750,1103399
024910,경창산업,20220617,,2370,92600
051390,YW,20220617,,3665,15658
005010,휴스틸,20220617,,4580,321525
389140,포바이포,20220617,,18750,210230
222800,심텍,20220617,,40050,914948
002170,삼양통상,20220617,,53500,3898
100660,서암기계공업,20220617,,8950,5265880
082640,동양생명,20220617,,5890,107896
013700,까뮤이앤씨,20220617,,1940,374970
032860,휴먼엔,20220617,,3640,0
122450,KX,20220617,,7300,65629
038680,에스넷,20220617,,6080,71546
037460,삼지전자,20220617,,10600,131354
005070,코스모신소재,20220617,,58800,1696750
053580,웹케시,20220617,,15950,47401
033530,세종공업,20220617,,5930,90626
028100,동아지질,20220617,,15550,43814
032300,한국파마,20220617,,25200,97541
091990,셀트리온헬스케어,20220617,,62400,1613398
037070,파세코,20220617,,16550,114214
095190,이엠코리아,20220617,,3080,119143
078000,텔코웨어,20220617,,9730,9556
417310,코람코더원리츠,20220617,,5860,83923
376980,원티드랩,20220617,,22500,73126
053290,NE능률,20220617,,5730,116779
054300,팬스타엔터프라이즈,20220617,,772,370367
253590,네오셈,20220617,,3610,332537
033050,제이엠아이,20220617,,1100,263424
007280,한국특강,20220617,,2405,182344
101680,한국정밀기계,20220617,,1440,0
330590,롯데리츠,20220617,,6000,5178135
091700,파트론,20220617,,9710,523116
317850,대모,20220617,,11200,3866833
010170,대한광통신,20220617,,2330,358115
145990,삼양사,20220617,,47150,30806
347740,피엔케이피부임상연구센타,20220617,,3550,143220
294140,레몬,20220617,,4880,2420654
386580,한화플러스제2호스팩,20220617,,2310,38618
071280,로체시스템즈,20220617,,6300,406823
078600,대주전자재료,20220617,,80100,192128
223310,커머스마이너,20220617,,3320,0
041020,폴라리스오피스,20220617,,1480,106391
014440,영보화학,20220617,,3795,59180
025860,남해화학,20220617,,10950,1515656
194480,데브시스터즈,20220617,,45100,38622
015890,태경산업,20220617,,6200,71693
047400,유니온머티리얼,20220617,,2350,215813
357580,아모센스,20220617,,14850,54807
307930,컴퍼니케이,20220617,,7170,38135
007810,코리아써키트,20220617,,21100,392561
215600,신라젠,20220617,,12100,0
043360,디지아이,20220617,,3700,44670
045970,코아시아,20220617,,7780,338157
234100,폴라리스세원,20220617,,2255,269838
000490,대동,20220617,,12600,250279
000880,한화,20220617,,27250,599696
085620,미래에셋생명,20220617,,3425,63974
045660,에이텍,20220617,,10900,126743
024810,이화전기,20220617,,1310,2932629
047050,포스코인터내셔널,20220617,,22500,604662
051380,피씨디렉트,20220617,,18650,162782
255220,SG,20220617,,1690,140104
023790,동일철강,20220617,,2580,70590
037760,쎄니트,20220617,,1855,65674
049720,고려신용정보,20220617,,8700,25935
026940,부국철강,20220617,,3990,140979
008350,남선알미늄,20220617,,2300,1169141
333050,신한제6호스팩,20220617,,2350,0
016710,대성홀딩스,20220617,,68000,50620
238120,얼라인드,20220617,,9460,59919
064510,유네코,20220617,,2750,0
160550,NEW,20220617,,6670,531258
078150,HB테크놀러지,20220617,,2055,438477
098460,고영,20220617,,14050,333172
097950,CJ제일제당,20220617,,364000,33990
053050,지에스이,20220617,,5610,24533243
124500,아이티센,20220617,,4450,196280
018250,애경산업,20220617,,15750,28774
004700,조광피혁,20220617,,44750,1181
049630,재영솔루텍,20220617,,795,393472
263750,펄어비스,20220617,,55600,331852
014200,광림,20220617,,2025,4225695
058610,에스피지,20220617,,16800,423907
245620,EDGC,20220617,,3435,423110
052460,아이크래프트,20220617,,4005,66017
054920,한컴위드,20220617,,5380,438159
136490,선진,20220617,,10750,332788
144960,뉴파워프라즈마,20220617,,4130,176232
184230,SGA솔루션즈,20220617,,909,276073
083640,인콘,20220617,,1065,233240
099410,동방선기,20220617,,3265,99710
010120,엘에스일렉트릭,20220617,,51200,107683
388220,하나금융19호스팩,20220617,,2145,11557
024890,대원화성,20220617,,2815,10691135
025900,동화기업,20220617,,72700,58206
008970,동양철관,20220617,,1075,822993
103140,풍산,20220617,,27600,144573
018470,조일알미늄,20220617,,1825,1336497
019550,SBI인베스트먼트,20220617,,1755,3211090
335870,IBKS제12호스팩,20220617,,2460,0
215380,우정바이오,20220617,,4655,18540
036540,SFA반도체,20220617,,5750,530041
082270,젬백스,20220617,,13800,118400
044820,코스맥스비티아이,20220617,,10400,20825
239890,피엔에이치테크,20220617,,19500,98411
302550,리메드,20220617,,14750,55122
032820,우리기술,20220617,,2055,3512884
038060,루멘스,20220617,,1200,172932
005440,현대그린푸드,20220617,,8050,231775
000680,LS네트웍스,20220617,,2890,104425
006040,동원산업,20220617,,226500,4972
093380,풍강,20220617,,3965,50876
412930,미래에셋비전스팩1호,20220617,,2170,19367
086980,쇼박스,20220617,,5270,773400
020400,대동금속,20220617,,9320,10372
239610,에이치엘사이언스,20220617,,36400,2101
323990,박셀바이오,20220617,,40400,142859
035600,KG이니시스,20220617,,13800,238168
069110,코스온,20220617,,2630,0
049430,코메론,20220617,,9700,20959
376190,엘비루셈,20220617,,8150,50383
161390,한국타이어앤테크놀로지,20220617,,33350,327770
030790,비케이탑스,20220617,,904,0
048260,오스템임플란트,20220617,,110300,121206
397880,교보11호스팩,20220617,,2175,11678
001020,페이퍼코리아,20220617,,1680,253433
123690,한국화장품,20220617,,8100,48498
004560,현대비앤지스틸,20220617,,14250,65840
051500,CJ프레시웨이,20220617,,40250,45309
035510,신세계I&C,20220617,,13600,57974
033230,인성정보,20220617,,2250,333566
263600,덕우전자,20220617,,6970,441730
415580,상상인제3호스팩,20220617,,2125,62111
092040,아미코젠,20220617,,24500,134407
187220,디티앤씨,20220617,,5150,40852
002820,SUN&L,20220617,,5060,11495
004720,팜젠사이언스,20220617,,6940,100071
027710,팜스토리,20220617,,3550,11708227
067570,엔브이에이치코리아,20220617,,3615,99147
150900,파수,20220617,,9000,57042
194370,제이에스코퍼레이션,20220617,,17450,122554
078890,가온미디어,20220617,,9070,214366
053620,태양,20220617,,8140,14524
101140,인바이오젠,20220617,,1990,216469
088350,한화생명,20220617,,2315,1928489
010620,현대미포조선,20220617,,85000,319369
229640,LS전선아시아,20220617,,7150,91881
289010,아이스크림에듀,20220617,,4710,68233
005390,신성통상,20220617,,3025,2426502
035290,골드앤에스,20220617,,2000,191268
257370,명성티엔에스,20220617,,9210,0
139670,키네마스터,20220617,,10200,73322
022100,포스코 ICT,20220617,,5660,594637
053300,한국정보인증,20220617,,5340,57432
230240,에치에프알,20220617,,26900,187480
000520,삼일제약,20220617,,7580,25553
005160,동국산업,20220617,,3035,75076
045340,토탈소프트,20220617,,5440,65430
006650,대한유화,20220617,,141500,41452
000440,중앙에너비스,20220617,,27550,573794
119850,지엔씨에너지,20220617,,4505,341414
099220,SDN,20220617,,2640,5221760
043910,자연과환경,20220617,,1500,1973200
096630,에스코넥,20220617,,1150,120587
011070,LG이노텍,20220617,,370500,245182
196490,디에이테크놀로지,20220617,,4075,154802
015260,에이엔피,20220617,,2455,91551
083550,케이엠,20220617,,6550,37991
115440,우리넷,20220617,,8990,122888
036120,SCI평가정보,20220617,,2800,117377
043370,피에이치에이,20220617,,8220,48961
105560,KB금융,20220617,,52100,1489401
299900,위지윅스튜디오,20220617,,21400,798864
064290,인텍플러스,20220617,,23600,125943
072520,제넨바이오,20220617,,1845,65333
319660,피에스케이,20220617,,36650,184486
024830,세원물산,20220617,,6280,0
347000,센코,20220617,,13050,17844
003000,부광약품,20220617,,8630,378240
043150,바텍,20220617,,33700,25858
121800,비덴트,20220617,,9100,1270985
003200,일신방직,20220617,,98700,5797
395400,SK리츠,20220617,,6640,194782
357780,솔브레인,20220617,,250600,29543
211050,인카금융서비스,20220617,,9450,340636
007120,미래아이앤지,20220617,,351,557399
230980,에이트원,20220617,,974,122449
084850,아이티엠반도체,20220617,,33500,23451
367340,DB금융스팩8호,20220617,,2150,4156
276730,제주맥주,20220617,,2420,494504
115310,인포바인,20220617,,25900,57573
072020,중앙백신,20220617,,12650,32922
007210,벽산,20220617,,3005,482057
102710,이엔에프테크놀로지,20220617,,32650,202729
000040,KR모터스,20220617,,712,430112
091440,텔레필드,20220617,,4455,211451
083650,비에이치아이,20220617,,5640,437768
025870,신라에스지,20220617,,10900,31604
322000,현대에너지솔루션,20220617,,31300,239047
046120,오르비텍,20220617,,5410,389431
051630,진양화학,20220617,,4030,119825
353190,휴럼,20220617,,1380,208087
024060,흥구석유,20220617,,7000,841148
005690,파미셀,20220617,,13550,971978
037030,파워넷,20220617,,4330,200137
044340,위닉스,20220617,,13750,35370
340350,SK6호스팩,20220617,,2140,11713
012340,뉴인텍,20220617,,3300,417731
229000,젠큐릭스,20220617,,9780,23645
004310,현대약품,20220617,,4400,59284
263540,어스앤에어로스페이스,20220617,,10900,0
161000,애경케미칼,20220617,,9300,87296
005380,현대자동차,20220617,,170000,784685
048470,대동스틸,20220617,,5440,93162
215360,우리산업,20220617,,14200,37149
005940,NH투자증권,20220617,,9790,1107801
017650,대림제지,20220617,,8480,31619
013570,디와이,20220617,,7620,540676
203400,에이비온,20220617,,8330,92856
009450,경동나비엔,20220617,,39950,54269
353070,에이치엠씨제4호스팩,20220617,,2130,8770
182400,엔케이맥스,20220617,,15700,389686
199820,제일전기공업,20220617,,12300,26316
024950,삼천리자전거,20220617,,8450,139280
058970,엠로,20220617,,16750,124659
138040,메리츠금융지주,20220617,,27650,185297
003080,성보화학,20220617,,3860,32333
247660,나노씨엠에스,20220617,,24750,62710
032800,판타지오,20220617,,628,333119
214150,클래시스,20220617,,15300,167280
347140,케이프이에스제4호,20220617,,2105,37470
351330,이삭엔지니어링,20220617,,10700,37067
307950,현대오토에버,20220617,,113000,47448
095720,웅진씽크빅,20220617,,2530,263427
010640,진양폴리우레탄,20220617,,5840,244533
006800,미래에셋증권,20220617,,6840,4218434
331920,셀레믹스,20220617,,7450,21023
111870,KH 전자,20220617,,547,356074
101530,해태제과식품,20220617,,7280,31941
033920,무학,20220617,,7440,94689
049770,동원F&B,20220617,,144000,5640
210540,디와이파워,20220617,,13400,145048
307750,국전약품,20220617,,7220,271022
299030,하나기술,20220617,,57700,56040
126640,화신정공,20220617,,1700,435889
094820,일진파워,20220617,,17550,316546
375500,DL이앤씨,20220617,,44450,356305
055550,신한지주,20220617,,40050,1485752
094360,칩스앤미디어,20220617,,17250,182418
058110,멕아이씨에스,20220617,,5000,120958
282880,코윈테크,20220617,,27200,58450
388790,IBKS제16호스팩,20220617,,2380,24029
052400,코나아이,20220617,,17600,95377
115390,락앤락,20220617,,8260,63192
085670,뉴프렉스,20220617,,5480,363892
109740,디에스케이,20220617,,5370,39948
035720,카카오,20220617,,72200,3044377
306040,에스제이그룹,20220617,,22700,20908
219130,타이거일렉,20220617,,16100,26567
038870,에코바이오,20220617,,7230,169218
013810,스페코,20220617,,6780,633132
009270,신원,20220617,,1655,1941036
155650,와이엠씨,20220617,,5990,30987
054630,에이디칩스,20220617,,340,377554
366330,신한제7호스팩,20220617,,2160,14999
054090,삼진엘앤디,20220617,,3570,58439690
050960,수산아이앤티,20220617,,9780,23160
099430,바이오플러스,20220617,,27000,276770
001270,부국증권,20220617,,22700,3473
192250,케이사인,20220617,,1820,2442961
177830,파버나인,20220617,,4115,125014
038070,서린바이오,20220617,,12600,87610
104460,디와이피엔에프,20220617,,37300,36599
293780,압타바이오,20220617,,15900,165767
131970,두산테스나,20220617,,33700,140327
005860,한일사료,20220617,,9370,18586441
034830,한국토지신탁,20220617,,1810,574156
302440,SK바이오사이언스,20220617,,104000,442016
241770,메카로,20220617,,11000,19621
017960,한국카본,20220617,,13300,541032
003830,대한화섬,20220617,,116000,72
001810,무림SP,20220617,,2920,187321
040420,정상제이엘에스,20220617,,7690,29215
017510,세명전기,20220617,,4110,97335
011370,서한,20220617,,1335,685391
007770,한일화학,20220617,,19650,1133452
053610,프로텍,20220617,,23600,38799
339770,교촌에프앤비,20220617,,12550,105956
027040,서울전자통신,20220617,,719,176323
222160,바이옵트로,20220617,,7060,118484
058420,제이웨이,20220617,,2160,0
025950,동신건설,20220617,,18200,99288
263050,유틸렉스,20220617,,6507,346737
069460,대호에이엘,20220617,,2775,350180
017480,삼현철강,20220617,,5860,49769
017550,수산중공업,20220617,,3320,2464764
058400,KNN,20220617,,1055,667329
151910,SBW생명과학,20220617,,4285,388002
183300,코미코,20220617,,53400,22850
000650,천일고속,20220617,,62500,841
238490,힘스,20220617,,6730,28283
005250,녹십자홀딩스,20220617,,19750,106649
003800,에이스침대,20220617,,40700,2418
148250,알엔투테크놀로지,20220617,,8220,27268
267790,배럴,20220617,,8100,33250
008830,대동기어,20220617,,7990,34364
085310,엔케이,20220617,,945,202512
001680,대상,20220617,,20900,102453
035760,CJ ENM,20220617,,104100,83362
073110,엘엠에스,20220617,,8320,37396
001040,CJ,20220617,,79300,48895
001750,한양증권,20220617,,11400,14694
077970,STX엔진,20220617,,13000,83073
032280,삼일,20220617,,2320,205937
122640,예스티,20220617,,6850,58828
299910,베스파,20220617,,3165,0
099390,브레인즈컴퍼니,20220617,,8900,42194
179290,엠아이텍,20220617,,11400,13110394
085660,차바이오텍,20220617,,15500,212030
010960,삼호개발,20220617,,4145,73680
076610,해성옵틱스,20220617,,973,1042078
119830,아이텍,20220617,,8710,224269
002390,한독,20220617,,18500,22277
083450,GST,20220617,,23750,53826
131370,알서포트,20220617,,4415,222602
314130,지놈앤컴퍼니,20220617,,17350,56112
000370,한화손해보험,20220617,,4150,430219
272450,진에어,20220617,,15200,395261
900250,크리스탈신소재,20220617,,1015,429515
250000,보라티알,20220617,,12100,41074
007310,오뚜기,20220617,,429000,5754
123570,이엠넷,20220617,,5480,23257
032940,원익,20220617,,4120,21101
900100,애머릿지,20220617,,3585,0
090360,로보스타,20220617,,21900,239203
343510,하나금융16호스팩,20220617,,2180,7363
065150,엠피대산,20220617,,637,171670
094800,맵스리얼티1,20220617,,4650,64992
155660,DSR,20220617,,5750,57814
088800,에이스테크,20220617,,8970,1427130
133750,메가엠디,20220617,,2730,95088
093230,이아이디,20220617,,1435,552065
005670,푸드웰,20220617,,6100,49326
072950,빛샘전자,20220617,,6990,31807
002630,오리엔트바이오,20220617,,762,340433
031440,신세계푸드,20220617,,58200,14298
017890,한국알콜,20220617,,10550,84793
105550,트루윈,20220617,,2905,559617
317870,엔바이오니아,20220617,,12900,96659
010600,웰바이오텍,20220617,,1500,395049
014970,삼륭물산,20220617,,6010,40119
174880,장원테크,20220617,,1580,120114
044450,KSS해운,20220617,,10500,32856
108490,로보티즈,20220617,,20900,222918
383220,F&F,20220617,,138500,194673
117730,티로보틱스,20220617,,7960,557296
330350,위더스제약,20220617,,8590,29652
004380,삼익THK,20220617,,13400,91599
086520,에코프로,20220617,,76300,245081
090470,제이스텍,20220617,,6020,17772
002710,TCC스틸,20220617,,13300,2637618
039980,리노스,20220617,,963,279781
005820,원림,20220617,,22900,2559
008560,메리츠증권,20220617,,5040,1637056
014580,태경비케이,20220617,,4520,270056
000590,CS홀딩스,20220617,,61600,34541
357430,마스턴프리미어리츠,20220617,,5590,155656
008470,부스타,20220617,,5380,25497
196450,코아시아옵틱스,20220617,,2380,83282
005870,휴니드테크놀러지스,20220617,,7750,282958
380440,엔에이치스팩19호,20220617,,2110,163705
002680,한탑,20220617,,3285,6411186
006880,신송홀딩스,20220617,,16400,3758743
056190,에스에프에이,20220617,,40950,146918
100130,동국S&C,20220617,,5770,358723
273060,와이즈버즈,20220617,,1410,120823
134060,이퓨쳐,20220617,,6060,14561
029530,신도리코,20220617,,31400,20595
367480,유안타제8호스팩,20220617,,2165,17468
267850,아시아나IDT,20220617,,15300,15462
264850,이랜시스,20220617,,3310,229486
241590,화승엔터프라이즈,20220617,,14350,117607
007660,이수페타시스,20220617,,7170,1215738
003920,남양유업,20220617,,395000,4363
096640,멜파스,20220617,,1495,0
096040,이트론,20220617,,237,6010385
290720,푸드나무,20220617,,24000,325942
009180,한솔로지스틱스,20220617,,3860,568472
299660,셀리드,20220617,,17850,111158
045100,한양이엔지,20220617,,15150,159025
240810,원익IPS,20220617,,34500,211390
078860,아이오케이,20220617,,796,823346
004780,대륙제관,20220617,,4780,57273
119650,KC코트렐,20220617,,4475,55442
131390,원익피앤이,20220617,,24800,111948
006840,AK홀딩스,20220617,,17050,42072
032750,삼진,20220617,,7160,20860
195940,HK이노엔,20220617,,40500,691276
175250,아이큐어,20220617,,11750,61746
002140,고려산업,20220617,,7470,26397703
004540,깨끗한나라,20220617,,3680,115549
089470,HDC현대EP,20220617,,4115,77300
016800,퍼시스,20220617,,32750,1734
322310,오로스테크놀로지,20220617,,15600,102733
000100,유한양행,20220617,,54400,163422
361390,제노코,20220617,,26000,181404
038530,골드퍼시픽,20220617,,703,419484
016790,카나리아바이오,20220617,,27050,0
115160,휴맥스,20220617,,3475,190753
290270,휴네시온,20220617,,4460,36340
019680,대교,20220617,,3030,121126
236200,슈프리마,20220617,,20950,13271
115480,씨유메디칼,20220617,,1150,227281
023760,한국캐피탈,20220617,,805,198832
024740,한일단조,20220617,,3490,5788095
020560,아시아나항공,20220617,,16550,381436
335890,비올,20220617,,2055,257096
307180,아이엘사이언스,20220617,,5050,472770
019440,세아특수강,20220617,,15050,12461
217330,싸이토젠,20220617,,57900,2807
008490,서흥,20220617,,31800,29195
095570,AJ네트웍스,20220617,,6750,140939
105630,한세실업,20220617,,18750,326018
900340,윙입푸드,20220617,,1685,16644758
082800,비보존 헬스케어,20220617,,935,610085
289080,SV인베스트먼트,20220617,,3080,280441
046140,SBS콘텐츠허브,20220617,,6530,16823
052770,아이톡시,20220617,,2085,0
020150,일진머티리얼즈,20220617,,78700,519081
187270,신화콘텍,20220617,,6580,569059
038880,아이에이,20220617,,808,2847740
362320,청담글로벌,20220617,,11400,2352307
110990,디아이티,20220617,,6570,20830
033340,좋은사람들,20220617,,1055,0
009200,무림페이퍼,20220617,,2585,483741
092600,앤씨앤,20220617,,4035,149782
218410,RFHIC,20220617,,25250,145982
018120,진로발효,20220617,,23600,9112
065530,와이어블,20220617,,3020,211839
950110,SBI핀테크솔루션즈,20220617,,4355,23965
079650,서산,20220617,,2105,37243
002800,신신제약,20220617,,5090,14648
002870,신풍제지,20220617,,1755,124206
106080,하이소닉,20220617,,5650,0
064550,바이오니아,20220617,,24850,260741
354200,엔젠바이오,20220617,,8300,34570
009310,참엔지니어링,20220617,,1025,874457
040350,큐로컴,20220617,,1245,652932
036560,영풍정밀,20220617,,9030,32398
078520,에이블씨엔씨,20220617,,6060,74591
365270,큐라클,20220617,,19500,220477
037710,광주신세계,20220617,,33250,9237
318000,KBG,20220617,,6540,33954
105330,케이엔더블유,20220617,,8840,34946
000120,CJ대한통운,20220617,,111000,93726
377220,프롬바이오,20220617,,7270,35995
003670,포스코케미칼,20220617,,126500,248496
031860,엔에스엔,20220617,,1140,3925152
004710,한솔테크닉스,20220617,,5980,99692
009140,경인전자,20220617,,24450,7375
027580,상보,20220617,,1710,281669
042660,대우조선해양,20220617,,21550,571404
086890,이수앱지스,20220617,,8000,761660
002240,고려제강,20220617,,24100,66776
290520,신도기연,20220617,,5410,11968
106520,노블엠앤비,20220617,,3385,22512
314930,바이오다인,20220617,,25300,6633
900140,엘브이엠씨,20220617,,3140,216499
377330,이지트로닉스,20220617,,15200,70308
122310,제노레이,20220617,,8950,65171
137940,넥스트아이,20220617,,773,224491
031980,피에스케이홀딩스,20220617,,9810,50523
148780,비플라이소프트,20220617,,2030,65045
137400,피엔티,20220617,,56200,184317
010820,퍼스텍,20220617,,4550,3353176
134790,시디즈,20220617,,47200,1340
093050,LF,20220617,,16400,43580
058650,세아홀딩스,20220617,,94200,202
123420,위메이드플레이,20220617,,22900,88893
018500,동원금속,20220617,,854,138368
351340,IBKS제13호스팩,20220617,,2210,0
200880,서연이화,20220617,,7610,377069
108380,대양전기공업,20220617,,13100,90324
023770,플레이위드,20220617,,9390,328850
048410,현대바이오,20220617,,23850,489301
037400,우리엔터프라이즈,20220617,,2720,1712020
153460,네이블커뮤니케이션즈,20220617,,7190,14105
178920,PI첨단소재,20220617,,37500,111946
006920,모헨즈,20220617,,4470,38095
054410,케이피티유,20220617,,6090,36352
031820,콤텍시스템,20220617,,838,349538
060540,에스에이티,20220617,,2850,126938
000970,한국주철관공업,20220617,,8380,71383
065130,탑엔지니어링,20220617,,5520,85586
317330,덕산테코피아,20220617,,16950,100263
033310,엠투엔,20220617,,5960,193063
092870,엑시콘,20220617,,10850,37852
064520,바른전자,20220617,,7000,0
263860,지니언스,20220617,,8580,26012
062860,티엘아이,20220617,,6950,26223
053030,바이넥스,20220617,,12550,144366
048530,인트론바이오,20220617,,13750,339476
317530,캐리소프트,20220617,,6850,28535
024120,KB오토시스,20220617,,6190,113752
078130,국일제지,20220617,,2960,361715
011500,한농화성,20220617,,14050,109719
900120,씨케이에이치,20220617,,254,1563474
011780,금호석유화학,20220617,,151000,108996
251270,넷마블,20220617,,71300,215760
408920,에스케이증권7호스팩,20220617,,2220,25574
099320,쎄트렉아이,20220617,,38250,136400
004970,신라교역,20220617,,10800,14268
001080,만호제강,20220617,,23200,115294
418170,하나금융22호스팩,20220617,,2150,20359
166480,코아스템,20220617,,11000,67734
009830,한화솔루션,20220617,,38100,1894245
195500,마니커에프앤지,20220617,,4400,138065
001210,금호전기,20220617,,1645,768037
114190,강원에너지,20220617,,4900,1145831
042700,한미반도체,20220617,,13350,249253
012600,센트럴인사이트,20220617,,2490,0
131400,이브이첨단소재,20220617,,1965,2611267
050860,아세아텍,20220617,,3110,355906
376300,디어유,20220617,,35700,88619
340440,세림B&G,20220617,,3195,1207060
019490,하이트론씨스템즈,20220617,,2470,0
171120,라이온켐텍,20220617,,7590,22410
032580,피델릭스,20220617,,1600,364931
112610,씨에스윈드,20220617,,51200,157091
357120,코람코에너지리츠,20220617,,6000,113210
321820,와이더플래닛,20220617,,8200,62513
003350,한국화장품제조,20220617,,24000,16554
159910,스킨앤스킨,20220617,,294,1017420
208370,셀바스헬스케어,20220617,,2470,112279
008700,아남전자,20220617,,2650,11747535
138610,나이벡,20220617,,24200,121125
012630,HDC,20220617,,6970,129241
027970,세하,20220617,,1405,112318
333620,엔시스,20220617,,14600,50306
005880,대한해운,20220617,,2695,1538952
051490,나라엠앤디,20220617,,7860,315550
089010,켐트로닉스,20220617,,21650,103457
189980,흥국에프엔비,20220617,,3150,410541
164060,이루다,20220617,,5500,521426
033290,코웰패션,20220617,,6610,175370
053950,경남제약,20220617,,2545,622859
225190,삼양옵틱스,20220617,,13400,28565
004020,현대제철,20220617,,36100,870144
038950,파인디지털,20220617,,5370,117242
010400,우진아이엔에스,20220617,,6380,13030
011040,경동제약,20220617,,8950,77511
290550,디케이티,20220617,,9840,118607
079190,케스피온,20220617,,1440,436413
352910,오비고,20220617,,14050,151317
023590,다우기술,20220617,,18550,53195
095910,에스에너지,20220617,,5180,1634036
288980,모아데이타,20220617,,2134,427612
214370,케어젠,20220617,,93600,52737
035150,백산,20220617,,8960,518441
088790,진도,20220617,,2835,61039
341160,하나금융15호스팩,20220617,,2280,0
070590,한솔인티큐브,20220617,,2020,76939
001800,오리온홀딩스,20220617,,14850,299626
222040,코스맥스엔비티,20220617,,4900,24067
001520,동양,20220617,,1220,907198
018700,바른손,20220617,,2930,171943
108860,셀바스AI,20220617,,6790,225208
192650,드림텍,20220617,,10300,263716
008770,호텔신라,20220617,,71200,277008
271980,제일약품,20220617,,21200,42253
147830,제룡산업,20220617,,2955,86068
005030,부산주공,20220617,,948,6704626
021320,KCC건설,20220617,,7590,43992
034120,SBS,20220617,,46100,38629
101670,코리아에스이,20220617,,1945,71644
092440,기신정기,20220617,,3685,23922
088290,이원컴포텍,20220617,,9400,1114053
053350,이니텍,20220617,,3770,40765
365590,하이딥,20220617,,1940,6003730
102280,쌍방울,20220617,,756,21461541
110020,전진바이오팜,20220617,,4350,56684
058470,리노공업,20220617,,135000,47993
214450,파마리서치,20220617,,72200,64198
244460,올리패스,20220617,,6730,48874
004440,삼일씨엔에스,20220617,,8300,20861
252990,샘씨엔에스,20220617,,4885,228820
108230,톱텍,20220617,,7960,2216263
007610,선도전기,20220617,,3000,0
005850,에스엘,20220617,,28550,120937
011700,한신기계공업,20220617,,8980,2351704
281820,케이씨텍,20220617,,17050,58627
950190,미투젠,20220617,,15500,31736
237690,에스티팜,20220617,,87700,84418
125210,아모그린텍,20220617,,12300,216781
284620,카이노스메드,20220617,,9966,44929
023910,대한약품,20220617,,26200,23547
372800,아이티아이즈,20220617,,10600,32584
042000,카페24,20220617,,13500,96110
148150,세경하이테크,20220617,,19150,78877
067770,세진티에스,20220617,,3790,44000
003280,흥아해운,20220617,,2310,254706
091340,S&K폴리텍,20220617,,4620,20172
154030,아시아종묘,20220617,,4770,113057
286750,나노브릭,20220617,,2115,49899
265520,AP시스템,20220617,,19200,104360
065650,메디프론,20220617,,1785,107888
069260,티케이지휴켐스,20220617,,21600,158491
088390,이녹스,20220617,,27150,161508
038500,삼표시멘트,20220617,,4085,250271
332370,아이디피,20220617,,7990,19882
010470,오리콤,20220617,,5550,73080
089970,에이피티씨,20220617,,16150,112559
033560,블루콤,20220617,,9810,177623
005810,풍산홀딩스,20220617,,28550,10385
004960,한신공영,20220617,,13350,98669
258790,소프트캠프,20220617,,1780,104822
014790,한라,20220617,,4225,196400
046390,삼화네트웍스,20220617,,3265,768054
001440,대한전선,20220617,,1890,21631115
039340,한국경제TV,20220617,,5830,35948
073490,이노와이어리스,20220617,,29150,67557
079940,가비아,20220617,,11700,25935
014940,오리엔탈정공,20220617,,2885,128412
123700,에스제이엠,20220617,,3600,38621
011170,롯데케미칼,20220617,,192000,122964
137080,나래나노텍,20220617,,11600,936088
004800,효성,20220617,,82200,43650
038110,에코플라스틱,20220617,,2920,722788
138080,오이솔루션,20220617,,26700,38264
072710,농심홀딩스,20220617,,70300,3074
063170,서울옥션,20220617,,22200,818541
007700,F&F 홀딩스,20220617,,19550,60083
071090,하이스틸,20220617,,4715,248216
025880,케이씨피드,20220617,,4050,1886385
013000,세우글로벌,20220617,,1705,467906
000140,하이트진로홀딩스,20220617,,12150,23197
131180,딜리,20220617,,1720,167415
080530,코디,20220617,,1565,143671
007720,대명소노시즌,20220617,,1000,281247
059270,해성티피씨,20220617,,7570,430630
010040,한국내화,20220617,,3325,88353
032980,바이온,20220617,,1420,106014
084990,헬릭스미스,20220617,,23350,249959
036180,지더블유바이텍,20220617,,850,421708
366030,공구우먼,20220617,,14683,13707400
122870,와이지엔터테인먼트,20220617,,48350,334240
002200,한국수출포장공업,20220617,,22900,7722
198080,엔피디,20220617,,2550,32894
001570,금양,20220617,,4920,434515
290740,액트로,20220617,,7960,152149
143540,영우디에스피,20220617,,1595,312464
042670,현대두산인프라코어,20220617,,5580,1636654
123860,아나패스,20220617,,22200,174150
033320,제이씨현시스템,20220617,,5550,133294
053700,삼보모터스,20220617,,4250,82702
064800,젬백스링크,20220617,,1380,238449
071460,위니아,20220617,,3300,121107
001720,신영증권,20220617,,56100,4085
037330,인지디스플레,20220617,,1955,121807
334890,이지스밸류플러스리츠,20220617,,5610,19225
234340,헥토파이낸셜,20220617,,21100,16987
900110,이스트아시아홀딩스,20220617,,271,3984291
000390,삼화페인트공업,20220617,,7370,42883
032830,삼성생명,20220617,,66500,354199
104700,한국철강,20220617,,7380,46212
220180,핸디소프트,20220617,,3600,34077
298380,에이비엘바이오,20220617,,24150,802762
074430,아미노로직스,20220617,,3035,9749384
074610,이엔플러스,20220617,,3205,200402
369370,블리츠웨이,20220617,,3605,69257
005740,크라운해태홀딩스,20220617,,8110,21417
049520,유아이엘,20220617,,2900,75263
000270,기아,20220617,,76100,1738668
004170,신세계,20220617,,231000,54937
288620,에스퓨얼셀,20220617,,26300,297703
097800,윈팩,20220617,,1545,117795
004090,한국석유공업,20220617,,12800,811961
094840,슈프리마에이치큐,20220617,,6520,23810
061040,알에프텍,20220617,,5620,129610
059210,메타바이오메드,20220617,,2415,139378
000850,화천기공,20220617,,33100,2765
128940,한미약품,20220617,,289500,23794
105840,우진,20220617,,11550,1015998
298690,에어부산,20220617,,4103,168344
083310,엘오티베큠,20220617,,12700,80673
003120,일성신약,20220617,,75800,806
044490,태웅,20220617,,8900,32819
228760,지노믹트리,20220617,,13500,61748
204020,그리티,20220617,,2980,92673
413630,유진스팩8호,20220617,,2160,19368
226340,본느,20220617,,1890,166342
161580,필옵틱스,20220617,,8710,304405
128820,대성산업,20220617,,5650,8453197
149950,아바텍,20220617,,16950,12148
378850,화승알앤에이,20220617,,3805,13123
297090,씨에스베어링,20220617,,8980,739508
093640,다믈멀티미디어,20220617,,3870,186054
086060,진바이오텍,20220617,,5450,927755
336570,원텍,20220617,,4100,42644
332290,누보,20220617,,2455,1957533
009780,엠에스씨,20220617,,6040,13515
067830,세이브존I&C,20220617,,3025,119981
049960,쎌바이오텍,20220617,,12650,84399
021240,코웨이,20220617,,64200,260724
082660,코스나인,20220617,,1020,520359
114630,폴라리스우노,20220617,,4260,45655
232680,라온테크,20220617,,14950,80761
005830,DB손해보험,20220617,,60400,219555
103230,에스앤더블류,20220617,,2505,0
000050,경방,20220617,,13050,15529
104830,원익머트리얼즈,20220617,,37700,101383
021040,대호특수강,20220617,,673,168566
101360,이엔드디,20220617,,27450,74710
002690,동일제강,20220617,,3575,221131
031430,신세계인터내셔날,20220617,,32250,248446
018670,SK가스,20220617,,122500,11061
034590,인천도시가스,20220617,,26350,53312
000950,전방,20220617,,50300,1181
006220,제주은행,20220617,,5800,64655
088260,이리츠코크렙,20220617,,6450,140914
007370,진양제약,20220617,,5990,37524
096300,베트남개발1,20220617,,202,422078
001770,SHD,20220617,,39200,31679
041920,메디아나,20220617,,4645,96049
037950,엘컴텍,20220617,,1250,1395434
175140,인포마크,20220617,,7900,17017
217500,러셀,20220617,,3905,793452
069080,웹젠,20220617,,20400,96819
005990,매일홀딩스,20220617,,9060,12429
014160,대영포장,20220617,,1785,407032
080520,오디텍,20220617,,6040,115190
136510,스마트솔루션즈,20220617,,11600,0
014820,동원시스템즈,20220617,,52000,23541
103590,일진전기,20220617,,7020,2674606
011390,부산산업,20220617,,83500,3676
038010,제일테크노스,20220617,,6930,131656
196700,웹스,20220617,,3560,133006
048430,유라테크,20220617,,7810,47920
067170,오텍,20220617,,7990,43456
002380,케이씨씨,20220617,,305000,32858
030530,원익홀딩스,20220617,,4165,286010
121440,골프존뉴딘홀딩스,20220617,,7730,49591
127160,매직마이크로,20220617,,282,0
033790,스카이문스테크놀로지,20220617,,829,0
308080,바이젠셀,20220617,,12850,407236
000400,롯데손해보험,20220617,,1665,259690
405640,신한제9호스팩,20220617,,2165,18669
100220,비상교육,20220617,,6570,47991
015360,예스코홀딩스,20220617,,35450,795
193250,와이제이엠게임즈,20220617,,2415,920098
036890,진성티이씨,20220617,,10850,299111
208710,바이오로그디바이스,20220617,,1385,610634
048910,대원미디어,20220617,,13000,48542
011230,삼화전자공업,20220617,,2980,178967
010770,평화홀딩스,20220617,,3535,14519
009070,케이씨티시,20220617,,5080,177900
049950,미래컴퍼니,20220617,,21100,38791
019170,신풍제약,20220617,,23250,460847
036640,HRS,20220617,,6030,122111
348950,제이알글로벌리츠,20220617,,5340,1171583
027830,대성창투,20220617,,2855,6858046
002320,한진,20220617,,28400,21329
388720,유일로보틱스,20220617,,20900,284596
036930,주성엔지니어링,20220617,,17750,1541143
066790,씨씨에스,20220617,,587,145564
340360,다보링크,20220617,,1305,303103
041930,동아화성,20220617,,8830,53441
078020,이베스트투자증권,20220617,,6540,78433
260660,알리코제약,20220617,,6050,150987
072770,율호,20220617,,1595,442246
035810,이지홀딩스,20220617,,4660,6452154
313760,윌링스,20220617,,12450,91398
361670,삼영에스앤씨,20220617,,7250,12230
276040,스코넥,20220617,,15500,592646
001430,세아베스틸지주,20220617,,16250,84176
357550,석경에이티,20220617,,16500,56937
131290,티에스이,20220617,,73600,96823
323280,태성,20220617,,2990,92703
298020,효성티앤씨,20220617,,380000,18506
081000,일진다이아,20220617,,20650,25385
058220,아리온,20220617,,275,0
008730,율촌화학,20220617,,19800,51858
053210,케이티스카이라이프,20220617,,8850,72365
054670,대한뉴팜,20220617,,10900,93561
256150,한독크린텍,20220617,,10600,21268
101930,인화정공,20220617,,14800,28818
033100,제룡전기,20220617,,6510,2097322
121890,에스디시스템,20220617,,739,0
053060,세동,20220617,,1450,718013
079370,제우스,20220617,,23350,273652
009420,한올바이오파마,20220617,,15750,134269
023530,롯데쇼핑,20220617,,97900,129973
020760,일진디스플,20220617,,1955,257312
347890,엠투아이,20220617,,8930,629011
005490,POSCO홀딩스,20220617,,262500,627182
323410,카카오뱅크,20220617,,36150,2210132
263690,디알젬,20220617,,8650,13926
085370,루트로닉,20220617,,17950,498668
006730,서부T&D,20220617,,8310,248345
038540,상상인,20220617,,9380,353681
192400,쿠쿠홀딩스,20220617,,16550,22655
353060,에이치엠씨제5호스팩,20220617,,2120,9792
042420,네오위즈홀딩스,20220617,,30000,38113
044480,블루베리 NFT,20220617,,2935,13590453
404990,신한서부티엔디리츠,20220617,,5290,314695
037270,YG PLUS,20220617,,5210,803457
093190,빅솔론,20220617,,6350,37399
001620,케이비아이동국실업,20220617,,645,177240
002230,피에스텍,20220617,,3960,15943
015020,이스타코,20220617,,1300,319985
000150,두산,20220617,,70100,122092
014130,한익스프레스,20220617,,5700,65529
025750,한솔홈데코,20220617,,1485,484151
000220,유유제약,20220617,,6390,81337
317400,자이에스앤디,20220617,,6610,134964
230360,에코마케팅,20220617,,13850,161690
208860,엔지스테크널러지,20220617,,2205,0
033180,KH 필룩스,20220617,,1700,1016469
181340,이즈미디어,20220617,,2705,0
003160,디아이,20220617,,6870,60705
022220,TKG애강,20220617,,1705,180182
033240,자화전자,20220617,,25300,268655
370090,퓨런티어,20220617,,24550,754613
141000,비아트론,20220617,,9080,30117
337450,SK5호스팩,20220617,,2300,0
114810,아이원스,20220617,,8220,182117
072870,메가스터디,20220617,,10700,26756
248070,솔루엠,20220617,,20000,208757
226440,한송네오텍,20220617,,1530,0
025820,이구산업,20220617,,3440,250062
206560,덱스터,20220617,,13750,222993
042510,라온시큐어,20220617,,2890,254338
069920,아이에스이커머스,20220617,,7850,104858
052020,에스티큐브,20220617,,5510,369163
102120,어보브반도체,20220617,,11050,84372
104480,티케이케미칼,20220617,,4625,1342494
015860,일진홀딩스,20220617,,7180,8103624
120030,조선선재,20220617,,116000,417963
001060,JW중외제약,20220617,,22700,97497
338100,NH프라임리츠,20220617,,4910,116279
025890,한국주강,20220617,,3010,83294
294630,서남,20220617,,2800,77178
400760,NH올원리츠,20220617,,5250,389553
054780,키이스트,20220617,,7850,135707
011210,현대위아,20220617,,54700,345465
210980,SK디앤디,20220617,,25650,23643
089790,제이티,20220617,,7170,73550
033830,티비씨,20220617,,1020,1652151
239340,줌인터넷,20220617,,4100,160807
226360,KH 건설,20220617,,1145,15293783
007340,DN오토모티브,20220617,,57400,24520
365550,ESR켄달스퀘어리츠,20220617,,5900,906236
005720,넥센,20220617,,3685,14960
034950,한국기업평가,20220617,,74400,905
298000,효성화학,20220617,,218500,10118
013720,CBI,20220617,,412,1861459
065560,녹원씨엔아이,20220617,,5770,0
025980,아난티,20220617,,7080,1415425
000240,한국앤컴퍼니,20220617,,13250,86682
106190,하이텍팜,20220617,,9580,11589
042500,링네트,20220617,,4820,48478
101730,위메이드맥스,20220617,,20100,480586
054950,제이브이엠,20220617,,17400,46918
060230,소니드,20220617,,4620,1038550
140860,파크시스템스,20220617,,97600,51526
051980,중앙디앤엠,20220617,,769,339426
011300,성안,20220617,,511,655166
115500,케이씨에스,20220617,,6790,187937
042600,새로닉스,20220617,,24200,73081
080160,모두투어,20220617,,18450,131998
060380,동양에스텍,20220617,,2700,37301
023410,유진기업,20220617,,4055,519197
142280,녹십자엠에스,20220617,,10700,3616516
124560,태웅로직스,20220617,,6160,849225
039840,디오,20220617,,26500,117508
161570,THE MIDONG,20220617,,1215,96723
002620,제일파마홀딩스,20220617,,13400,51963
026960,동서,20220617,,25400,55759
101160,월덱스,20220617,,20100,191858
950140,잉글우드랩,20220617,,5270,102521
352480,씨앤씨인터내셔널,20220617,,19650,44466
278280,천보,20220617,,252000,65071
021050,서원,20220617,,1570,205884
076080,웰크론한텍,20220617,,3475,145911
357250,미래에셋맵스리츠,20220617,,4735,38888
219550,디와이디,20220617,,3835,282170
006380,카프로,20220617,,3365,148394
097230,HJ중공업,20220617,,7490,49250
069730,DSR제강,20220617,,5120,90749
017000,신원종합개발,20220617,,7370,308382
290090,트윔,20220617,,15350,20966
042370,비츠로테크,20220617,,8040,287837
126880,제이엔케이히터,20220617,,5700,149043
048550,SM C&C,20220617,,3735,511122
080470,성창오토텍,20220617,,7310,40674
039240,경남스틸,20220617,,3680,255715
041440,현대에버다임,20220617,,8890,17791212
297890,HB솔루션,20220617,,13650,71683
084680,이월드,20220617,,1980,225472
032850,비트컴퓨터,20220617,,6870,144036
006140,피제이전자,20220617,,6800,17048
046110,한일네트웍스,20220617,,11900,140093
214390,경보제약,20220617,,7000,41557
108670,LX하우시스,20220617,,46000,54775
050890,쏠리드,20220617,,5370,391314
131090,시큐브,20220617,,1120,178056
000060,메리츠화재,20220617,,34500,333349
205500,액션스퀘어,20220617,,2965,135502
192410,THQ,20220617,,5600,715519
115450,HLB테라퓨틱스,20220617,,13200,2622103
052900,KX하이텍,20220617,,1550,399097
225430,케이엠제약,20220617,,1800,66198
220260,켐트로스,20220617,,8140,139317
361570,알비더블유,20220617,,17650,243407
242040,나무기술,20220617,,1885,181549
012320,경동인베스트,20220617,,36300,1796
068760,셀트리온제약,20220617,,74500,108501
001130,대한제분,20220617,,149000,17163
054210,이랜텍,20220617,,19050,529881
051370,인터플렉스,20220617,,13350,224361
177350,베셀,20220617,,8000,1980912
091970,나노캠텍,20220617,,1610,0
039440,에스티아이,20220617,,17550,247661
050090,비케이홀딩스,20220617,,607,378044
041910,에스텍파마,20220617,,7930,46398
046890,서울반도체,20220617,,11550,299413
025560,미래산업,20220617,,10950,48541
013120,동원개발,20220617,,4150,268445
214610,미코바이오메드,20220617,,14950,20058729
115960,연우,20220617,,17950,27309
012450,한화에어로스페이스,20220617,,51200,552035
222980,한국맥널티,20220617,,6820,135413
032500,케이엠더블유,20220617,,27000,163627
002030,아세아,20220617,,123000,1325
039290,인포뱅크,20220617,,14000,234180
316140,우리금융지주,20220617,,13650,26978864
228850,레이언스,20220617,,10000,54049
035620,바른손이앤에이,20220617,,1190,257813
001340,백광산업,20220617,,4730,391581
000300,대유플러스,20220617,,953,638617
009190,대양금속,20220617,,3930,1639022
040160,누리플렉스,20220617,,6850,84622
007860,서연,20220617,,7690,160120
100090,삼강엠앤티,20220617,,21450,418118
271560,오리온,20220617,,104500,450557
029480,광무,20220617,,3075,56869
234300,에스트래픽,20220617,,4190,57333
001230,동국제강,20220617,,15050,561523
043590,크로바하이텍,20220617,,1665,754612
003460,유화증권,20220617,,2375,36073
001630,종근당홀딩스,20220617,,57500,14281
092200,디아이씨,20220617,,4285,95424
046970,우리로,20220617,,1735,786322
096240,크레버스,20220617,,27400,26768
002220,한일철강,20220617,,4230,194269
113810,디젠스,20220617,,1195,4809497
250930,예선테크,20220617,,1390,79328
382800,지앤비에스엔지니어링,20220617,,13350,42797
019210,와이지-원,20220617,,7000,232917
302430,이노메트리,20220617,,10900,14436
219750,지티지웰니스,20220617,,1425,0
071970,STX중공업,20220617,,4300,79849
050540,한국코퍼레이션,20220617,,822,0
085810,알티캐스트,20220617,,1825,156585
000480,조선내화,20220617,,79000,944
228670,레이,20220617,,15450,123000
010950,S-Oil,20220617,,115500,396242
353810,이지바이오,20220617,,5180,2158651
291650,압타머사이언스,20220617,,8560,24316
129890,앱코,20220617,,12350,36059
011150,CJ씨푸드,20220617,,3395,145683
005950,이수화학,20220617,,15600,1113439
185490,아이진,20220617,,8680,350582
065710,서호전기,20220617,,18500,8513
391710,코닉오토메이션,20220617,,2790,246864
044180,KD,20220617,,1055,191400
001450,현대해상,20220617,,31300,390519
036090,위지트,20220617,,900,1030868
002100,경농,20220617,,11950,118336
134580,탑코미디어,20220617,,7200,105856
011810,STX,20220617,,3590,62073
089230,THE E&M,20220617,,519,807638
005300,롯데칠성음료,20220617,,183000,45443
024110,기업은행,20220617,,10450,1370014
021880,메이슨캐피탈,20220617,,747,4187895
084650,랩지노믹스,20220617,,5740,725326
115180,큐리언트,20220617,,30300,0
089860,롯데렌탈,20220617,,36600,66634
300080,플리토,20220617,,31000,8879
117670,알파홀딩스,20220617,,3080,1640214
003090,대웅,20220617,,24600,57980
071050,한국금융지주,20220617,,62500,298257
203450,유니온커뮤니티,20220617,,3125,28933
287410,제이시스메디칼,20220617,,6760,1050468
033130,디지틀조선,20220617,,2250,259982
079970,투비소프트,20220617,,1210,1004808
257720,실리콘투,20220617,,2175,204894
014910,성문전자,20220617,,1795,184561
356890,싸이버원,20220617,,9630,8915
052690,한전기술,20220617,,69800,333193
089590,제주항공,20220617,,17500,367086
080720,한국유니온제약,20220617,,6540,46261
007330,푸른저축은행,20220617,,9960,14183
033200,모아텍,20220617,,5650,14028
064480,브리지텍,20220617,,4740,53699
373220,LG에너지솔루션,20220617,,425500,1211937
054940,엑사이엔씨,20220617,,1225,174300
091580,상신이디피,20220617,,15450,599782
085910,네오티스,20220617,,5490,157630
090430,아모레퍼시픽,20220617,,139500,406829
000810,삼성화재해상보험,20220617,,196000,140498
143210,핸즈코퍼레이션,20220617,,4375,5578
023440,제이스코홀딩스,20220617,,2015,298921
054540,삼영엠텍,20220617,,4285,117153
377480,마인즈랩,20220617,,16750,70047
058730,다스코,20220617,,5880,2071190
098660,에스티오,20220617,,2455,67945
004770,써니전자,20220617,,2660,655920
115530,씨엔플러스,20220617,,585,155480
406760,하나금융21호스팩,20220617,,2165,20945
010690,화신,20220617,,8020,245462
020710,시공테크,20220617,,5490,93060
387310,대신밸런스제10호스팩,20220617,,2320,10874
048870,시너지이노베이션,20220617,,4160,5254972
012160,영흥,20220617,,797,649037
073640,테라사이언스,20220617,,2080,302694
053110,소리바다,20220617,,3960,0
258610,케일럼,20220617,,3885,55747
034220,LG디스플레이,20220617,,15950,2385166
335810,프리시젼바이오,20220617,,6910,21713
052260,현대바이오랜드,20220617,,13000,37597
114120,크루셜텍,20220617,,1085,0
086820,바이오솔루션,20220617,,12300,30554
009150,삼성전기,20220617,,140000,959837
086390,유니테스트,20220617,,21000,295035
008930,한미사이언스,20220617,,41100,66545
039420,케이엘넷,20220617,,3045,135710
001140,국보,20220617,,1450,3407417
039830,오로라,20220617,,8190,34058
094170,동운아나텍,20220617,,6460,607691
091810,티웨이항공,20220617,,2215,701378
056700,신화인터텍,20220617,,2460,247493
002600,조흥,20220617,,177500,198
018680,서울제약,20220617,,5070,19695
043650,국순당,20220617,,9850,159314
092730,네오팜,20220617,,20650,15502
006370,대구백화점,20220617,,10950,5148
323230,엠에프엠코리아,20220617,,1025,55040
081150,티플랙스,20220617,,4580,573060
056090,이노시스,20220617,,2180,790940
061970,엘비세미콘,20220617,,9380,267149
009540,한국조선해양,20220617,,87900,160711
182690,테라셈,20220617,,1440,0
005710,대원산업,20220617,,5580,14201
253840,수젠텍,20220617,,10300,105702
214420,토니모리,20220617,,4700,121449
011930,신성이엔지,20220617,,2040,2268071
092460,한라IMS,20220617,,4985,38774
092070,디엔에프,20220617,,16300,752628
319400,현대무벡스,20220617,,3390,808170
084730,팅크웨어,20220617,,14450,41658
151860,KG ETS,20220617,,19700,5635288
079550,LIG넥스원,20220617,,76100,136425
119500,포메탈,20220617,,4980,222739
006200,한국전자홀딩스,20220617,,1540,188994
090150,아이윈,20220617,,1940,375792
094940,푸른기술,20220617,,8760,95097
036420,콘텐트리중앙,20220617,,41200,277071
241690,유니테크노,20220617,,6810,747869
043710,서울리거,20220617,,1110,136851
371950,풍원정밀,20220617,,16750,129750
047040,대우건설,20220617,,5920,2759818
010580,에스엠벡셀,20220617,,1530,0
052300,초록뱀컴퍼니,20220617,,860,613743
004150,한솔홀딩스,20220617,,3345,127267
050120,ES큐브,20220617,,4240,17768
079810,디이엔티,20220617,,7340,68682
020120,키다리스튜디오,20220617,,7130,154934
189330,씨이랩,20220617,,15300,17020
024900,덕양산업,20220617,,2550,184353
153710,옵티팜,20220617,,8350,18066
008420,문배철강,20220617,,3930,196095
095340,ISC,20220617,,34000,193160
063440,SM Life Design,20220617,,2300,534641
053080,원방테크,20220617,,11150,43479
009290,광동제약,20220617,,6210,148816
003540,대신증권,20220617,,15500,153462
042110,에스씨디,20220617,,2340,795862
003410,쌍용씨앤이,20220617,,7240,1314450
037230,한국팩키지,20220617,,3490,117693
267260,현대일렉트릭,20220617,,20600,182771
078940,코드네이처,20220617,,1925,421333
002070,비비안,20220617,,1985,284548
388050,지투파워,20220617,,6417,26285442
084180,EV수성,20220617,,1425,389447
023000,삼원강재,20220617,,2740,38411
356860,티엘비,20220617,,42500,80366
017670,SK텔레콤,20220617,,51900,1774906
262840,아이퀘스트,20220617,,7380,10522
071320,지역난방공사,20220617,,32250,2977
007680,대원,20220617,,9050,10457
388800,유진스팩7호,20220617,,2170,18866
053450,세코닉스,20220617,,8710,54954
376290,씨유테크,20220617,,5170,74215
114840,아이패밀리에스씨,20220617,,15000,23872
058850,KTcs,20220617,,2065,128425
099750,이지케어텍,20220617,,30000,37176
047310,파워로직스,20220617,,6670,160275
036570,엔씨소프트,20220617,,398000,155193
029780,삼성카드,20220617,,30750,371385
139050,시티랩스,20220617,,721,473391
246720,아스타,20220617,,4300,36296
138490,코오롱플라스틱,20220617,,11500,289523
028300,HLB,20220617,,33800,888552
159580,제로투세븐,20220617,,7060,47503
097780,에스맥,20220617,,3385,0
001880,DL건설,20220617,,20800,41167
222420,쎄노텍,20220617,,2100,279471
013580,계룡건설산업,20220617,,27350,38593
004650,창해에탄올,20220617,,13850,172004
190510,나무가,20220617,,10850,202179
006980,우성,20220617,,26400,52356
310200,애니플러스,20220617,,2885,271232
039860,나노엔텍,20220617,,5080,101955
002350,넥센타이어,20220617,,5810,188574
100790,미래에셋벤처투자,20220617,,6000,157028
237820,플레이디,20220617,,5810,21790
067310,하나마이크론,20220617,,15800,780498
054930,유신,20220617,,21550,63867
285490,노바텍,20220617,,31600,53597
095700,제넥신,20220617,,31750,134877
309930,오하임아이엔티,20220617,,3305,70219
373340,유진스팩6호,20220617,,2310,26404
168490,한국패러랠,20220617,,2175,31582
073190,듀오백,20220617,,2400,34161
348210,넥스틴,20220617,,58500,139556
270660,에브리봇,20220617,,28700,101774
049080,기가레인,20220617,,1765,313202
069960,현대백화점,20220617,,73000,193715
016670,디모아,20220617,,973,0
277070,린드먼아시아,20220617,,4875,27474
270520,지엔원에너지,20220617,,2930,1676686
183490,엔지켐생명과학,20220617,,2926,542846
094850,참좋은여행,20220617,,11550,75792
272290,이녹스첨단소재,20220617,,37250,151451
091120,이엠텍,20220617,,30800,110648
005360,모나미,20220617,,3710,164752
090410,덕신하우징,20220617,,2150,884442
284740,쿠쿠홈시스,20220617,,27650,44430
332710,하나금융14호스팩,20220617,,2030,0
047820,초록뱀미디어,20220617,,16000,160504
264450,유비쿼스,20220617,,17300,37937
267270,현대건설기계,20220617,,42800,207868
070960,용평리조트,20220617,,4380,49652
052860,아이앤씨,20220617,,3140,96836
004360,세방,20220617,,10850,51867
051900,LG생활건강,20220617,,622000,121573
049480,오픈베이스,20220617,,2965,547453
002360,SH에너지화학,20220617,,1080,15911301
003690,코리안리,20220617,,9390,182244
123410,코리아에프티,20220617,,2815,132879
111110,호전실업,20220617,,8910,40914
053800,안랩,20220617,,91700,257488
016590,신대양제지,20220617,,88100,5081
115610,이미지스,20220617,,2420,142429
290380,대유,20220617,,5100,6218938
030000,제일기획,20220617,,24200,307898
097520,엠씨넥스,20220617,,33250,125336
180400,디엑스앤브이엑스,20220617,,7740,0
009620,삼보산업,20220617,,1260,706820
102940,코오롱생명과학,20220617,,31600,27060
001550,조비,20220617,,20500,132427
200670,휴메딕스,20220617,,20700,42900
217730,강스템바이오텍,20220617,,2940,87739
140070,서플러스글로벌,20220617,,4070,63292
163560,동일고무벨트,20220617,,7040,26301
013520,화승코퍼레이션,20220617,,1500,49006
059100,아이컴포넌트,20220617,,6480,25539
071840,롯데하이마트,20220617,,18000,75432
189860,서전기전,20220617,,11000,787511
250060,모비스,20220617,,1910,92618
025540,한국단자공업,20220617,,53500,33506
079980,휴비스,20220617,,6850,33119
016100,리더스코스메틱,20220617,,2735,54725
361610,SK아이이테크놀로지,20220617,,108000,267673
363250,진시스템,20220617,,9780,12154
104620,노랑풍선,20220617,,9770,79998
024840,KBI메탈,20220617,,1840,167649
226320,잇츠한불,20220617,,17550,35247
195870,해성디에스,20220617,,62100,399449
174900,앱클론,20220617,,12750,63226
035900,JYP Ent.,20220617,,53800,340224
003060,에이프로젠제약,20220617,,608,1396962
054220,비츠로시스,20220617,,5640,0
071850,캐스텍코리아,20220617,,2020,35991
004370,농심,20220617,,270000,25463
260930,씨티케이,20220617,,7750,33105
405350,IBKS제17호스팩,20220617,,2380,12055
277880,티에스아이,20220617,,10700,98534
084370,유진테크,20220617,,33350,229106
204620,글로벌텍스프리,20220617,,2670,114109
074600,원익QnC,20220617,,28500,494813
023810,인팩,20220617,,8030,50324
009680,모토닉,20220617,,8150,20672
089890,코세스,20220617,,9620,97018
002880,대유에이텍,20220617,,923,687197
045510,정원엔시스,20220617,,1500,61854
297570,알로이스,20220617,,1785,197511
032680,소프트센,20220617,,1975,968256
189690,포시에스,20220617,,6958,57432
073560,우리손에프앤지,20220617,,2260,2155339
251630,브이원텍,20220617,,7980,44119
137310,에스디바이오센서,20220617,,38350,452408
063080,컴투스홀딩스,20220617,,53800,137102
142760,비엘,20220617,,6040,309895
173940,에프엔씨엔터,20220617,,5990,21877
016450,한세예스24홀딩스,20220617,,6210,29318
104040,대성파인텍,20220617,,1795,405842
306200,세아제강,20220617,,156500,16015
269620,시스웍,20220617,,889,0
241790,오션브릿지,20220617,,13200,36938
278650,노터스,20220617,,15700,4012826
317830,에스피시스템스,20220617,,10550,193861
093920,서원인텍,20220617,,5940,29155
060280,큐렉소,20220617,,7190,51053
005180,빙그레,20220617,,47600,20431
017180,명문제약,20220617,,3300,85420
900260,로스웰,20220617,,346,2452186
001470,삼부토건,20220617,,1915,2946868
067280,멀티캠퍼스,20220617,,38750,4816
400840,하이제7호스팩,20220617,,2145,5264
009580,무림P&P,20220617,,4020,260695
032960,동일기연,20220617,,11350,32302
069140,누리플랜,20220617,,6230,47072
377190,디앤디플랫폼리츠,20220617,,5130,116010
038340,UCI,20220617,,1335,0
298060,에스씨엠생명과학,20220617,,10550,40681
218150,미래생명자원,20220617,,8070,4878787
006090,사조오양,20220617,,9440,9652
014830,유니드,20220617,,113500,34015
079960,동양이엔피,20220617,,14300,34032
352820,하이브,20220617,,148500,879832
002210,동성제약,20220617,,7730,25901
001420,태원물산,20220617,,5080,29701
205100,엑셈,20220617,,3870,108673
256940,케이피에스,20220617,,5630,30902
268600,셀리버리,20220617,,13025,378602
039490,키움증권,20220617,,87000,63477
071670,에이테크솔루션,20220617,,14900,431439
041460,한국전자인증,20220617,,6140,173639
082920,비츠로셀,20220617,,11950,34874
111710,남화산업,20220617,,8000,15445
080010,이상네트웍스,20220617,,5990,51258
152550,한국ANKOR유전,20220617,,1550,5284
040610,SG&G,20220617,,2100,221795
057030,YBM넷,20220617,,4270,76428
004060,SG세계물산,20220617,,602,1004684
005960,동부건설,20220617,,11700,83215
015760,한국전력공사,20220617,,22700,2222643
141020,디에스앤엘,20220617,,1335,0
301300,바이브컴퍼니,20220617,,31000,46718
352770,클리노믹스,20220617,,7400,68694
052330,코텍,20220617,,9470,47622
029960,코엔텍,20220617,,8090,165076
112040,위메이드,20220617,,69300,474301
130740,티피씨글로벌,20220617,,3175,127755
308170,센트랄모텍,20220617,,13100,30687
006050,국영지앤엠,20220617,,1595,348210
012610,경인양행,20220617,,6080,144068
329180,현대중공업,20220617,,136500,291470
264900,크라운제과,20220617,,9250,47981
036460,한국가스공사,20220617,,44150,353339
047810,한국항공우주,20220617,,54300,1434389
004100,태양금속공업,20220617,,1585,1358367
011420,갤럭시아에스엠,20220617,,1800,160545
413600,키움제6호스팩,20220617,,2395,108690
002310,아세아제지,20220617,,36600,30092
317240,TS트릴리온,20220617,,901,1788013
066700,테라젠이텍스,20220617,,4500,311019
128540,에코캡,20220617,,9570,5577439
200710,에이디테크놀로지,20220617,,17100,89011
005800,신영와코루,20220617,,11800,3730
234690,녹십자웰빙,20220617,,8020,78118
211270,AP위성,20220617,,13850,1116148
006890,태경케미컬,20220617,,15600,151144
216080,제테마,20220617,,15200,26814
067290,JW신약,20220617,,3880,186610
068290,삼성출판사,20220617,,27200,55723
108320,LX세미콘,20220617,,114600,161785
051360,토비스,20220617,,9340,148806
065420,에스아이리소스,20220617,,839,21923957
008600,윌비스,20220617,,1040,422524
090080,평화산업,20220617,,1410,239454
005290,동진쎄미켐,20220617,,36600,560590
014570,고려제약,20220617,,7680,14829
286940,롯데정보통신,20220617,,26750,24685
145270,케이탑리츠,20220617,,1190,529195
032620,유비케어,20220617,,5510,103602
065500,오리엔트정공,20220617,,1725,122084
072130,유엔젤,20220617,,3445,61605
037560,LG헬로비전,20220617,,5570,479717
206400,베노홀딩스,20220617,,3630,95149
195990,에이비프로바이오,20220617,,934,4274066
001290,상상인증권,20220617,,1030,112265
003010,혜인,20220617,,9880,6707296
001070,대한방직,20220617,,47600,3005
234080,JW생명과학,20220617,,12950,19746
001000,신라섬유,20220617,,2035,378282
322510,제이엘케이,20220617,,4835,27918
140410,메지온,20220617,,16550,154036
002290,삼일기업공사,20220617,,3820,84189
002020,코오롱,20220617,,23900,78141
281740,레이크머티리얼즈,20220617,,4845,419311
023600,삼보판지,20220617,,10050,40758
060560,홈센타홀딩스,20220617,,1215,1216663
099190,아이센스,20220617,,29300,31750
006570,대림통상,20220617,,4000,6556
013870,지엠비코리아,20220617,,5970,93168
053280,예스24,20220617,,6820,87520
208340,파멥신,20220617,,4525,142710
066430,와이오엠,20220617,,2300,64551
306620,네온테크,20220617,,4920,1615624
030960,양지사,20220617,,9230,149490
900290,GRT,20220617,,1195,2486503
019180,티에이치엔,20220617,,3230,84506
093370,후성,20220617,,20600,1544628
035000,지투알,20220617,,6000,9840
263810,상신전자,20220617,,3635,52389
253450,스튜디오드래곤,20220617,,67100,228910
051780,큐로홀딩스,20220617,,597,1071281
002990,금호건설,20220617,,8520,181829
009470,삼화전기,20220617,,19700,25797
383310,에코프로에이치엔,20220617,,40800,65918
067390,아스트,20220617,,5610,126236
043260,성호전자,20220617,,1450,2202054
004250,엔피씨,20220617,,10250,632346
043220,티에스넥스젠,20220617,,1200,577452
026040,제이에스티나,20220617,,3200,53586
003100,선광,20220617,,86200,39439
092780,동양피스톤,20220617,,5390,73091
215090,휴센텍,20220617,,1505,0
041960,코미팜,20220617,,7620,115585
060240,룽투코리아,20220617,,4925,348381
277810,레인보우로보틱스,20220617,,24200,180858
223250,드림씨아이에스,20220617,,12600,27322
081580,성우전자,20220617,,3130,49978
100700,세운메디칼,20220617,,3255,163208
073540,에프알텍,20220617,,3460,78475
006580,대양제지,20220617,,3260,0
213420,덕산네오룩스,20220617,,34950,82532
001560,제일연마,20220617,,8880,51166
012800,대창,20220617,,1555,438188
036810,에프에스티,20220617,,16400,108432
268280,미원에스씨,20220617,,199500,1545
086960,MDS테크,20220617,,12800,623526
003960,사조대림,20220617,,26900,24883
086900,메디톡스,20220617,,109600,31434
201490,미투온,20220617,,4800,191084
246960,이노테라피,20220617,,9180,4122
289220,자이언트스텝,20220617,,21850,217765
036480,대성미생물,20220617,,13100,20975
002410,범양건영,20220617,,4030,248186
011760,현대코퍼레이션,20220617,,16450,69982
014190,원익큐브,20220617,,2760,436810
119610,인터로조,20220617,,28750,27098
069540,라이트론,20220617,,4065,159603
002720,국제약품,20220617,,4940,79061
180640,한진칼,20220617,,60500,89569
122350,삼기,20220617,,3475,160704
053690,한미글로벌,20220617,,11000,60978
060980,한라홀딩스,20220617,,37200,29506
037440,희림,20220617,,6080,141305
115570,스타플렉스,20220617,,4570,86561
014100,메디앙스,20220617,,4430,47350
215100,로보로보,20220617,,7590,326517
048830,엔피케이,20220617,,2115,288901
056000,코원플레이,20220617,,2860,0
077500,유니퀘스트,20220617,,9860,96349
192440,슈피겐코리아,20220617,,37100,24815
030520,한글과컴퓨터,20220617,,16500,291537
075580,세진중공업,20220617,,5920,347215
037370,EG,20220617,,10150,53170
140520,대창스틸,20220617,,3290,58059
095500,미래나노텍,20220617,,7150,384258
083420,그린케미칼,20220617,,7960,71952
208140,정다운,20220617,,2450,311980
049070,인탑스,20220617,,31750,226864
044380,주연테크,20220617,,922,304754
004870,티웨이홀딩스,20220617,,625,291757
204840,지엘팜텍,20220617,,942,159126
066310,큐에스아이,20220617,,11500,128015
003300,한일홀딩스,20220617,,11500,6047
046210,파나진,20220617,,2955,52385
086280,현대글로비스,20220617,,186000,136746
024880,케이피에프,20220617,,5860,376502
093320,케이아이엔엑스,20220617,,47250,14958
101400,엔시트론,20220617,,880,397157
336370,솔루스첨단소재,20220617,,55100,142143
040300,YTN,20220617,,3600,6902
014990,인디에프,20220617,,896,66532
079950,인베니아,20220617,,2130,84815
003470,유안타증권,20220617,,2785,804292
005090,SGC에너지,20220617,,36050,71286
016360,삼성증권,20220617,,35550,324109
246710,티앤알바이오팹,20220617,,16350,130156
009160,SIMPAC,20220617,,6450,164468
000720,현대건설,20220617,,40150,440570
353590,오토앤,20220617,,12650,206755
030200,케이티,20220617,,36350,1554227
045060,오공,20220617,,3700,42884
300120,라온피플,20220617,,5217,75325
041650,상신브레이크,20220617,,3420,99245
011200,HMM,20220617,,26900,3066997
163730,핑거,20220617,,12500,49386
145720,덴티움,20220617,,77600,73993
007590,동방아그로,20220617,,7290,35310
080420,모다이노칩,20220617,,3445,6829253
187420,제노포커스,20220617,,6130,160510
123840,한일진공,20220617,,629,140961
067990,도이치모터스,20220617,,9140,687833
069510,에스텍,20220617,,6900,3911
008290,원풍물산,20220617,,802,132960
072990,에이치시티,20220617,,11200,28888
363280,티와이홀딩스,20220617,,22500,45784
016880,웅진,20220617,,1595,792765
399720,가온칩스,20220617,,33250,2402486
078930,GS,20220617,,45350,490649
017900,광전자,20220617,,2360,160709
067920,이글루,20220617,,5740,24061
042040,케이피엠테크,20220617,,604,784325
060150,인선이엔티,20220617,,9070,205922
121600,나노신소재,20220617,,83900,270443
069410,엔텔스,20220617,,6210,44046
044780,에이치케이,20220617,,1960,139354
001260,남광토건,20220617,,9960,26680
344820,케이씨씨글라스,20220617,,52600,46436
064760,티씨케이,20220617,,122900,22380
033250,체시스,20220617,,1080,273187
318020,포인트모바일,20220617,,18100,0
094970,제이엠티,20220617,,3540,154867
017940,E1,20220617,,48150,13315
066970,엘앤에프,20220617,,252400,506143
063160,종근당바이오,20220617,,28500,76872
367000,플래티어,20220617,,13050,20316
035460,기산텔레콤,20220617,,6690,0
204630,스튜디오산타클로스,20220617,,8200,55960
041520,이라이콤,20220617,,6020,9858
120240,대정화금,20220617,,17950,489799
009810,플레이그램,20220617,,1225,1631191
011320,유니크,20220617,,6780,278416
138690,엘아이에스,20220617,,1340,0
197140,디지캡,20220617,,3830,56547
068050,팬엔터테인먼트,20220617,,3480,192854
102370,케이옥션,20220617,,6969,159482
020180,대신정보통신,20220617,,1175,610601
004430,송원산업,20220617,,21450,257570
138070,신진에스엠,20220617,,3995,116621
015230,대창단조,20220617,,5400,666954
041190,우리기술투자,20220617,,5770,860457
045390,대아티아이,20220617,,3530,623157
196170,알테오젠,20220617,,56700,993261
377630,삼성스팩4호,20220617,,7300,2062029
019990,에너토크,20220617,,10800,115732
065660,안트로젠,20220617,,22000,106226
041510,에스엠,20220617,,69200,342919
035420,NAVER,20220617,,237500,990192
043100,솔고바이오,20220617,,614,249615
267980,매일유업,20220617,,60700,17510
149980,하이로닉,20220617,,7770,108335
272110,케이엔제이,20220617,,12600,88995
011080,형지I&C,20220617,,925,758195
123330,제닉,20220617,,4345,31912
159010,아스플로,20220617,,7670,435695
066570,LG전자,20220617,,93200,827209
039010,현대에이치티,20220617,,8550,10252
065370,위세아이텍,20220617,,11750,33825
068790,DMS,20220617,,5460,73738
409570,한국제10호스팩,20220617,,2175,12806
005750,대림비앤코,20220617,,5550,44427
082740,HSD엔진,20220617,,7099,564172
131220,대한과학,20220617,,7390,53153
009770,삼정펄프,20220617,,27050,589
238090,앤디포스,20220617,,6930,338594
004590,한국가구,20220617,,5800,124130
001530,디아이동일,20220617,,19150,135012
318410,비비씨,20220617,,11450,16543
263770,유에스티,20220617,,3160,82765
179530,애드바이오텍,20220617,,5900,1491197
143240,사람인에이치알,20220617,,37550,16488
321550,티움바이오,20220617,,15850,46708
171090,선익시스템,20220617,,16100,65269
066130,하츠,20220617,,7120,53915
011090,에넥스,20220617,,1520,431895
009520,포스코엠텍,20220617,,6190,198589
089850,유비벨록스,20220617,,15000,46555
272210,한화시스템,20220617,,14600,611495
028670,팬오션,20220617,,6650,3296594
290660,네오펙트,20220617,,2235,150618
091590,남화토건,20220617,,7650,11307
000990,DB하이텍,20220617,,59000,646313
092190,서울바이오시스,20220617,,7030,104810
047920,HLB제약,20220617,,12950,484993
251120,바이오에프디엔씨,20220617,,27150,399094
950160,코오롱티슈진,20220617,,8010,0
336260,두산퓨얼셀,20220617,,32000,385265
214310,에스엘바이오닉스,20220617,,4120,174944
002960,한국쉘석유,20220617,,248000,2671
036580,팜스코,20220617,,5650,468362
003380,하림지주,20220617,,8630,439653
075180,새론오토모티브,20220617,,5070,3551
096610,알에프세미,20220617,,3335,128495
095610,테스,20220617,,22500,97352
039310,세중,20220617,,3000,29339
023350,한국종합기술,20220617,,6910,129795
248170,샘표식품,20220617,,40700,133523
104540,코렌텍,20220617,,10750,34440
259960,크래프톤,20220617,,262500,251010
003680,한성기업,20220617,,6960,43667
002840,미원상사,20220617,,183500,1227
004000,롯데정밀화학,20220617,,76000,143746
122990,와이솔,20220617,,9400,123171
007540,샘표,20220617,,74800,749934
086450,동국제약,20220617,,19100,76718
136480,하림,20220617,,3180,1308701
170900,동아에스티,20220617,,59600,10728
291230,엔피,20220617,,7440,230822
032560,황금에스티,20220617,,7650,178973
014470,부방,20220617,,2460,601439
011000,진원생명과학,20220617,,10800,550934
000910,유니온,20220617,,5820,170181
363260,모비데이즈,20220617,,1775,1313282
294090,이오플로우,20220617,,20500,107407
007070,GS리테일,20220617,,25450,224046
078160,메디포스트,20220617,,21300,291104
000700,유수홀딩스,20220617,,5720,24671
037350,성도이엔지,20220617,,5760,242065
122690,서진오토모티브,20220617,,3990,125141
067010,이씨에스,20220617,,4225,721451
228340,동양파일,20220617,,4020,66052
365900,브이씨,20220617,,11200,503828
263700,케어랩스,20220617,,6540,96770
154040,솔루에타,20220617,,2935,108806
083930,아바코,20220617,,11550,34400
041590,플래스크,20220617,,1560,476278
035200,프럼파스트,20220617,,4155,77673
259630,엠플러스,20220617,,16550,100009
052220,iMBC,20220617,,3480,97781
000020,동화약품,20220617,,9890,244117
010420,한솔피엔에스,20220617,,1615,332317
004890,동일산업,20220617,,163500,1445
078070,유비쿼스홀딩스,20220617,,16350,11935
214270,FSN,20220617,,4665,287639
265560,영화테크,20220617,,14000,85022
263800,데이타솔루션,20220617,,5270,92904
032640,LG유플러스,20220617,,13700,1250799
293480,하나제약,20220617,,18250,15719
009440,KC그린홀딩스,20220617,,4810,123003
294570,쿠콘,20220617,,32850,45439
046940,우원개발,20220617,,4095,75156
000660,SK하이닉스,20220617,,96400,3965464
010100,한국프랜지공업,20220617,,2475,116174
351320,에스에이티이엔지,20220617,,3265,201436
067080,대화제약,20220617,,6880,43456
086670,비엠티,20220617,,12050,67397
224060,코디엠,20220617,,880,289294
023460,CNH,20220617,,1850,38603
348030,모비릭스,20220617,,12350,17324
173130,오파스넷,20220617,,7370,2230278
039200,오스코텍,20220617,,24750,258558
084690,대상홀딩스,20220617,,8520,97357
052670,제일바이오,20220617,,1990,155314
006280,녹십자,20220617,,159000,41076
001780,알루코,20220617,,3025,803770
034940,조아제약,20220617,,2960,153269
006060,화승인더스트리,20220617,,4925,171274
299170,더블유에스아이,20220617,,2120,49909
014710,사조씨푸드,20220617,,5460,97826
058820,CMG제약,20220617,,2660,958554
377030,맥스트,20220617,,18950,544761
357880,비트나인,20220617,,11450,144439
033500,동성화인텍,20220617,,10650,199510
334970,프레스티지바이오로직스,20220617,,4285,237882
213500,한솔제지,20220617,,13850,71755
006260,LS,20220617,,62700,142785
004910,조광페인트,20220617,,6850,136944
084010,대한제강,20220617,,16950,61888
126870,뉴로스,20220617,,2230,0
001840,이화공영,20220617,,6010,163265
088910,동우팜투테이블,20220617,,2960,347710
017040,광명전기,20220617,,3100,2441129
140910,에이리츠,20220617,,5970,8318
192820,코스맥스,20220617,,59500,67116
004840,DRB동일,20220617,,4865,8864
322780,코퍼스코리아,20220617,,2380,135105
258830,세종메디칼,20220617,,3595,9025200
376180,피코그램,20220617,,26100,778006
107590,미원홀딩스,20220617,,135500,439
118000,초록뱀헬스케어,20220617,,984,257172
093520,매커스,20220617,,8780,91992
274090,켄코아에어로스페이스,20220617,,11950,167066
096690,에이루트,20220617,,433,1052634
350520,이지스레지던스리츠,20220617,,5400,65864
178780,유테크,20220617,,1730,0
205470,휴마시스,20220617,,12400,718558
003780,진양산업,20220617,,8020,273971
236810,엔비티,20220617,,8460,151437
225570,넥슨게임즈,20220617,,15950,1171823
317770,슈프리마아이디,20220617,,15200,5243
260970,에스앤디,20220617,,18400,21062
129260,인터지스,20220617,,3100,257845
010130,고려아연,20220617,,530000,35290
225530,보광산업,20220617,,5810,143657
000500,가온전선,20220617,,24600,20883
397500,대신밸런스제11호스팩,20220617,,2680,0
017810,풀무원,20220617,,12700,88035
383800,LX홀딩스,20220617,,9240,160345
102460,이연제약,20220617,,22350,97633
010050,우리종금,20220617,,839,25967244
181710,엔에이치엔,20220617,,27400,230481
010660,화천기계,20220617,,2680,203755
219420,링크제니시스,20220617,,6030,94982
404950,디비금융스팩10호,20220617,,2150,6335
035610,솔본,20220617,,3955,50529
059090,미코,20220617,,9390,336628
331520,교보9호스팩,20220617,,2470,0
003850,보령,20220617,,10450,235853
057540,옴니시스템,20220617,,2440,1003089
263920,휴엠앤씨,20220617,,4555,0
352700,씨앤투스성진,20220617,,5390,185046
018260,삼성에스디에스,20220617,,136500,204130
130580,나이스디앤비,20220617,,8210,5915
203690,프로스테믹스,20220617,,2300,92489
348150,고바이오랩,20220617,,13450,32474
001940,KISCO홀딩스,20220617,,14950,43862
013030,하이록코리아,20220617,,16900,45568
032790,BNGT,20220617,,4075,0
094480,갤럭시아머니트리,20220617,,6280,162904
001500,현대차증권,20220617,,9900,65283
016250,SGC이테크건설,20220617,,43500,4023
006120,SK디스커버리,20220617,,38000,63695
100120,뷰웍스,20220617,,36700,22093
315640,딥노이드,20220617,,8610,37548
285130,SK케미칼,20220617,,100000,113437
317120,라닉스,20220617,,7570,141766
009730,코센,20220617,,2715,0
066910,손오공,20220617,,2210,197267
015590,큐로,20220617,,415,410492
084110,휴온스글로벌,20220617,,21500,51184
089600,나스미디어,20220617,,24800,19179
036190,금화피에스시,20220617,,29650,3170
065690,파커스,20220617,,2630,36314
185750,종근당,20220617,,86000,29592
033540,파라텍,20220617,,1820,383518
033170,시그네틱스,20220617,,1750,869682
058630,엠게임,20220617,,7480,298097
175330,JB금융지주,20220617,,7940,293338
145210,다이나믹디자인,20220617,,5140,14598
110790,크리스에프앤씨,20220617,,34550,21315
042520,한스바이오메드,20220617,,10000,21643
014680,한솔케미칼,20220617,,228500,140591
050760,에스폴리텍,20220617,,3765,354247
012790,신일제약,20220617,,8500,34258
186230,그린플러스,20220617,,14700,54203
024940,PN풍년,20220617,,5840,529458
382480,지아이텍,20220617,,3720,4748002
072470,우리산업홀딩스,20220617,,3710,22959
036010,아비코전자,20220617,,11000,173549
046070,코다코,20220617,,1285,116679
204320,만도,20220617,,48200,639585
078140,대봉엘에스,20220617,,7950,87805
075130,플랜티넷,20220617,,2915,49751
091090,세원이앤씨,20220617,,627,1195162
065060,지엔코,20220617,,674,118581
243070,휴온스,20220617,,35950,24012
031310,아이즈비전,20220617,,3150,75496
030350,드래곤플라이,20220617,,1905,413311
009460,한창제지,20220617,,1765,451195
222810,세토피아,20220617,,2595,5354463
130500,GH신소재,20220617,,4240,98385
023800,인지컨트롤스,20220617,,8200,74142
377300,카카오페이,20220617,,73800,1293915
372290,하나머스트7호스팩,20220617,,2170,9050
105740,디케이락,20220617,,9030,226563
290510,코리아센터,20220617,,5100,140514
086710,선진뷰티사이언스,20220617,,6720,12699
001120,LX인터내셔널,20220617,,36800,516702
146320,비씨엔씨,20220617,,17000,164070
039740,한국정보공학,20220617,,3990,66553
900280,골든센츄리,20220617,,362,5163216
009900,명신산업,20220617,,17950,270196
216050,인크로스,20220617,,20886,32371
090370,메타랩스,20220617,,701,176955
339950,아이비김영,20220617,,2320,204233
026150,특수건설,20220617,,8830,225409
114450,KPX생명과학,20220617,,4880,74162
004830,덕성,20220617,,6760,126752
060260,뉴보텍,20220617,,1070,378869
183190,아세아시멘트,20220617,,10100,203820
079170,한창산업,20220617,,8490,81918
290120,대유에이피,20220617,,5890,25847
006400,삼성SDI,20220617,,556000,397490
010140,삼성중공업,20220617,,5700,4249268
226330,신테카바이오,20220617,,10150,88693
109860,동일금속,20220617,,15900,22397
069330,유아이디,20220617,,2060,222657
007160,사조산업,20220617,,45500,4229
039030,이오테크닉스,20220617,,89900,52330
016580,환인제약,20220617,,16700,27238
098120,마이크로컨텍솔,20220617,,6940,127112
006340,대원전선,20220617,,1630,1000155
036030,케이티알파,20220617,,5500,35340
136410,아셈스,20220617,,12500,306517
293580,나우IB,20220617,,9550,10567
000230,일동홀딩스,20220617,,25950,418561
024720,한국콜마홀딩스,20220617,,17850,33194
052790,액토즈소프트,20220617,,9350,59296
127710,아시아경제,20220617,,2260,136600
067730,로지시스,20220617,,5490,88688
005320,국동,20220617,,1770,308776
068330,일신바이오,20220617,,3430,0
054180,메디콕스,20220617,,8396,1022718
322180,티라유텍,20220617,,9340,12837
199800,툴젠,20220617,,68100,49764
088130,동아엘텍,20220617,,7330,13655
065450,빅텍,20220617,,5990,1009800
342550,케이비제20호스팩,20220617,,2290,0
338220,뷰노,20220617,,8500,48669
000760,이화산업,20220617,,15800,1058
068240,다원시스,20220617,,26450,317546
131030,옵투스제약,20220617,,6460,14351
008370,원풍,20220617,,4840,33681
024850,피에스엠씨,20220617,,1080,252687
196300,애니젠,20220617,,9200,8046
073010,케이에스피,20220617,,2210,217553
002900,TYM,20220617,,2800,7444709
170030,현대공업,20220617,,7300,221799
207940,삼성바이오로직스,20220617,,832000,250445
019590,엠벤처투자,20220617,,1180,355641
137950,제이씨케미칼,20220617,,9950,4293006
013310,아진산업,20220617,,2905,553186
066980,이엔코퍼레이션,20220617,,2890,110434
053590,한국테크놀로지,20220617,,726,489449
002450,삼익악기,20220617,,1480,249239
310870,디와이씨,20220617,,1635,74892
008870,금비,20220617,,69800,7799
032190,다우데이타,20220617,,11650,68968
117580,대성에너지,20220617,,12450,6252748
003720,삼영화학공업,20220617,,2720,178492
060570,드림어스컴퍼니,20220617,,3600,49411
256630,포인트엔지니어링,20220617,,2725,166343
304100,솔트룩스,20220617,,10100,32616
095660,네오위즈,20220617,,26350,593286
007570,일양약품,20220617,,22250,73960
131760,파인텍,20220617,,1165,152826
078350,한양디지텍,20220617,,13250,118171
120110,코오롱인더,20220617,,58500,148653
012170,아센디오,20220617,,1295,947762
402340,SK스퀘어,20220617,,43050,528261
036200,유니셈,20220617,,8080,257972
012280,영화금속,20220617,,1140,285848
033780,케이티앤지,20220617,,83400,425243
393360,신한제8호스팩,20220617,,2165,10577
003520,영진약품,20220617,,3885,375276
204210,모두투어리츠,20220617,,5210,10339
900300,오가닉티코스메틱,20220617,,390,528437
279600,미디어젠,20220617,,10700,4349
049800,우진플라임,20220617,,3820,170193
005420,코스모화학,20220617,,16566,1847519
057050,현대홈쇼핑,20220617,,53000,19680
092300,현우산업,20220617,,4275,182862
021820,세원정공,20220617,,8090,0
017250,인터엠,20220617,,1285,46266
025770,한국정보통신,20220617,,7680,18568
357230,에이치피오,20220617,,9400,38558
241820,피씨엘,20220617,,16700,80028
100030,모바일리더,20220617,,20700,7609
006910,보성파워텍,20220617,,5390,1670330
128660,피제이메탈,20220617,,4335,132597
160600,이큐셀,20220617,,3100,0
060300,레드로버,20220617,,1830,0
043340,에쎈테크,20220617,,1205,358858
330860,네패스아크,20220617,,33000,81919
208350,지란지교시큐리티,20220617,,3940,38516
048770,TPC,20220617,,5120,498607
065770,CS,20220617,,2170,154406
039570,HDC랩스,20220617,,8610,7335
064960,SNT모티브,20220617,,42950,43617
034810,해성산업,20220617,,11400,40166
015750,성우하이텍,20220617,,4610,395425
249420,일동제약,20220617,,36050,1957835
136540,윈스,20220617,,16050,13963
025530,에스제이엠홀딩스,20220617,,3430,8804
290650,엘앤씨바이오,20220617,,34250,254221
023960,에쓰씨엔지니어링,20220617,,2705,176105
082210,옵트론텍,20220617,,5920,439079
000070,삼양홀딩스,20220617,,77000,17355
214430,아이쓰리시스템,20220617,,17800,27476
097870,효성오앤비,20220617,,10450,1937539
092230,KPX홀딩스,20220617,,59500,4801
187870,디바이스이엔지,20220617,,18300,17862
089530,에이티세미콘,20220617,,1055,729700
011280,태림포장,20220617,,3325,189451
311320,지오엘리먼트,20220617,,18500,26887
